id,texto,categoria,
1,te voy a matar si sigues hablando,amenaza,
2,si vuelves a escribir te rompo la cara,amenaza,
3,no sabes con quien te metiste te va a ir mal,amenaza,
4,te vamos a desaparecer por lo que dijiste,amenaza,
5,vas a pagar caro todo esto,amenaza,
6,si te encuentro en la calle te parto,amenaza,
7,te juro que no sales vivo de esto,amenaza,
8,cuida a tu familia porque esto no se queda asi,amenaza,
9,te vamos a buscar donde sea,amenaza,
10,no vuelvas a hablar o atente a las consecuencias,amenaza,
11,te voy a hacer daño por lo que hiciste,amenaza,
12,esto no se queda asi ya veras,amenaza,
13,te tengo ubicado y se donde vives,amenaza,
14,vas a sufrir por esto te lo aseguro,amenaza,
15,si no borras eso te va a ir muy mal,amenaza,
16,te vamos a dar una leccion que no olvidaras,amenaza,
17,te voy a romper todo cuando te vea,amenaza,
18,me las vas a pagar una por una,amenaza,
19,esto te va a costar caro,amenaza,
20,no juegues conmigo o te arrepientes,amenaza,
21,si sigues asi te busco y te mato,amenaza,
22,te vamos a caer arriba,amenaza,
23,te tengo en la mira no te escondas,amenaza,
24,vas a terminar mal por lo que hiciste,amenaza,
25,cuando te vea te voy a golpear,amenaza,
26,esto no termina aqui te lo prometo,amenaza,
27,te voy a hacer la vida imposible,amenaza,
28,no te metas conmigo o veras,amenaza,
29,te voy a hacer pagar cada cosa,amenaza,
30,no sabes lo que te espera,amenaza,
31,vas a ver lo que te pasa por meterte conmigo,amenaza,
32,te voy a buscar aunque te escondas,amenaza,
33,no te vas a escapar de esta,amenaza,
34,esto es una advertencia para que pares,amenaza,
35,te voy a encontrar y no te va a gustar,amenaza,
36,vas a llorar por lo que hiciste,amenaza,
37,te voy a hacer daño si no paras,amenaza,
38,mejor que no te vea porque te va mal,amenaza,
39,esto tiene consecuencias y tu las vas a sufrir,amenaza,
40,te voy a destruir por completo,amenaza,
41,te vamos a hacer algo si sigues,amenaza,
42,te estoy vigilando no te equivoques,amenaza,
43,no sabes con quien te metiste esto es serio,amenaza,
44,te voy a caer arriba cuando menos lo esperes,amenaza,
45,te voy a partir la cara cuando te vea,amenaza,
46,vas a terminar mal sigue asi,amenaza,
47,te voy a hacer pagar todo esto,amenaza,
48,si te cruzo no respondo,amenaza,
49,te voy a romper todo por lo que hiciste,amenaza,
50,vas a ver lo que es bueno,amenaza,
51,te voy a dar una paliza,amenaza,
52,esto no se queda asi te lo advierto,amenaza,
53,te voy a arruinar la vida,amenaza,
54,te tengo ubicado cuidado,amenaza,
55,no sigas o te vas a arrepentir,amenaza,
56,te voy a buscar y te voy a encontrar,amenaza,
57,vas a pagar todo esto caro,amenaza,
58,te voy a hacer algo si no paras,amenaza,
59,te voy a dar donde mas te duele,amenaza,
60,vas a sufrir por lo que hiciste,amenaza,
61,te voy a hacer daño no lo dudes,amenaza,
62,esto no termina aqui te lo aseguro,amenaza,
63,te voy a caer arriba pronto,amenaza,
64,no te metas conmigo te lo advierto,amenaza,
65,te voy a destruir si sigues,amenaza,
66,vas a ver lo que pasa ahora,amenaza,
67,te voy a encontrar donde sea,amenaza,
68,te voy a hacer pagar todo,amenaza,
69,te voy a romper la cara,amenaza,
70,te voy a hacer algo cuando te vea,amenaza,
71,no sabes lo que te viene encima,amenaza,
72,te voy a buscar por todos lados,amenaza,
73,te voy a hacer daño de verdad,amenaza,
74,vas a pagar por todo esto,amenaza,
75,te voy a dar una leccion,amenaza,
76,te voy a caer encima sin avisar,amenaza,
77,te voy a hacer sufrir por esto,amenaza,
78,no te salvas de esta,amenaza,
79,te voy a encontrar no importa donde estes,amenaza,
80,te voy a hacer algo grave,amenaza,
81,vas a ver lo que te pasa por esto,amenaza,
82,te voy a hacer daño si no paras ya,amenaza,
83,te voy a buscar y te voy a encontrar seguro,amenaza,
84,esto no queda asi te lo juro,amenaza,
85,te voy a hacer pagar todo esto pronto,amenaza,
86,vas a terminar muy mal sigue asi,amenaza,
87,te voy a caer arriba y no vas a poder evitarlo,amenaza,
88,te voy a hacer algo muy feo,amenaza,
89,te voy a encontrar y te va a doler,amenaza,
90,no te salvas de lo que viene,amenaza,
91,te voy a hacer pagar caro todo esto,amenaza,
92,te voy a buscar hasta encontrarte,amenaza,
93,te voy a dar donde mas duele,amenaza,
94,vas a sufrir las consecuencias,amenaza,
95,te voy a hacer algo si no dejas eso,amenaza,
96,te voy a romper cuando te vea,amenaza,
97,te voy a hacer pagar por esto te lo juro,amenaza,
98,te voy a encontrar no te escondas,amenaza,
99,te voy a hacer daño aunque no quieras,amenaza,
100,esto no termina aqui te voy a buscar,amenaza,
101,esa gente de tu raza no sirve para nada,discurso_odio,
102,los de tu color son todos unos inútiles,discurso_odio,
103,deberían sacar a todos esos inmigrantes del país,discurso_odio,
104,los homosexuales no deberían existir,discurso_odio,
105,esa religión solo trae problemas a la sociedad,discurso_odio,
106,las mujeres no sirven para ese tipo de trabajo,discurso_odio,
107,todos los de tu país son unos delincuentes,discurso_odio,
108,esa gente es inferior a nosotros,discurso_odio,
109,no confío en nadie de tu religión,discurso_odio,
110,los negros son todos iguales de problemáticos,discurso_odio,
111,los gays son una vergüenza para la sociedad,discurso_odio,
112,esa cultura es atrasada y sin valor,discurso_odio,
113,la gente como tú arruina el país,discurso_odio,
114,deberían prohibir a ese grupo existir,discurso_odio,
115,los de tu orientación no aportan nada,discurso_odio,
116,esa gente solo sabe causar problemas,discurso_odio,
117,los extranjeros vienen a robar trabajo,discurso_odio,
118,tu tipo de gente no tiene educación,discurso_odio,
119,los de esa religión son todos fanáticos,discurso_odio,
120,esa gente no debería tener derechos,discurso_odio,
121,los de tu barrio son todos delincuentes,discurso_odio,
122,los de esa raza no son inteligentes,discurso_odio,
123,esa gente es una plaga,discurso_odio,
124,no quiero gente como tú cerca,discurso_odio,
125,los de tu país son basura,discurso_odio,
126,esa orientación es antinatural,discurso_odio,
127,los de esa religión deberían desaparecer,discurso_odio,
128,los pobres son pobres porque quieren,discurso_odio,
129,esa gente es lo peor de la sociedad,discurso_odio,
130,los de tu grupo son todos corruptos,discurso_odio,
131,esa gente no merece respeto,discurso_odio,
132,los de tu tipo arruinan todo,discurso_odio,
133,los inmigrantes son una carga,discurso_odio,
134,esa raza no aporta nada bueno,discurso_odio,
135,los gays no deberían adoptar,discurso_odio,
136,esa religión es peligrosa,discurso_odio,
137,los de tu país son unos ladrones,discurso_odio,
138,esa gente debería quedarse en su lugar,discurso_odio,
139,los de tu cultura son ignorantes,discurso_odio,
140,esa gente es inferior mentalmente,discurso_odio,
141,no quiero tratar con gente como tú,discurso_odio,
142,los de esa religión son todos iguales,discurso_odio,
143,esa gente solo sabe hacer daño,discurso_odio,
144,los de tu orientación son enfermos,discurso_odio,
145,esa raza es problemática,discurso_odio,
146,los extranjeros deberían irse todos,discurso_odio,
147,esa gente no merece oportunidades,discurso_odio,
148,los de tu tipo no encajan aquí,discurso_odio,
149,esa gente es lo peor que hay,discurso_odio,
150,los de tu país solo vienen a aprovecharse,discurso_odio,
151,esa religión debería ser prohibida,discurso_odio,
152,los de esa raza son todos iguales,discurso_odio,
153,esa gente es una vergüenza,discurso_odio,
154,los de tu orientación no son normales,discurso_odio,
155,esa gente no tiene valores,discurso_odio,
156,los inmigrantes solo traen problemas,discurso_odio,
157,esa cultura es inferior,discurso_odio,
158,los de tu tipo no deberían estar aquí,discurso_odio,
159,esa gente no merece nada,discurso_odio,
160,los de esa religión son peligrosos,discurso_odio,
161,esa gente es despreciable,discurso_odio,
162,los de tu país son todos corruptos,discurso_odio,
163,esa gente no sirve para convivir,discurso_odio,
164,los de tu grupo no valen nada,discurso_odio,
165,esa gente es lo peor que existe,discurso_odio,
166,los de esa raza deberían desaparecer,discurso_odio,
167,esa gente no merece derechos,discurso_odio,
168,los de tu orientación son un problema,discurso_odio,
169,esa gente es inferior culturalmente,discurso_odio,
170,los de tu tipo son todos iguales,discurso_odio,
171,esa gente solo sabe destruir,discurso_odio,
172,los de esa religión no deberían existir,discurso_odio,
173,esa gente es una carga social,discurso_odio,
174,los de tu país son basura humana,discurso_odio,
175,esa gente no tiene dignidad,discurso_odio,
176,los de tu grupo arruinan todo,discurso_odio,
177,esa gente no merece vivir aquí,discurso_odio,
178,los de esa raza son inútiles,discurso_odio,
179,esa gente es una vergüenza social,discurso_odio,
180,los de tu orientación son un error,discurso_odio,
181,esa gente no aporta nada bueno,discurso_odio,
182,los de tu país no sirven para nada,discurso_odio,
183,esa gente es despreciable totalmente,discurso_odio,
184,los de esa religión son ignorantes,discurso_odio,
185,esa gente no merece respeto alguno,discurso_odio,
186,los de tu tipo son inferiores,discurso_odio,
187,esa gente no debería existir,discurso_odio,
188,los de tu país son todos iguales de malos,discurso_odio,
189,esa gente es un problema constante,discurso_odio,
190,los de esa raza son todos iguales,discurso_odio,
191,esa gente no tiene lugar aquí,discurso_odio,
192,los de tu orientación son anormales,discurso_odio,
193,esa gente es basura,discurso_odio,
194,los de esa religión no aportan nada,discurso_odio,
195,esa gente no merece oportunidades,discurso_odio,
196,los de tu país son lo peor,discurso_odio,
197,esa gente no vale nada,discurso_odio,
198,los de tu tipo son una plaga,discurso_odio,
199,esa gente no merece vivir en sociedad,discurso_odio,
200,los de esa raza no deberían estar aquí,discurso_odio,
201,me hackearon la cuenta de correo y cambiaron la contraseña,hecho_delictivo,
202,alguien entró a mi perfil sin permiso y borró mis datos,hecho_delictivo,
203,me están pidiendo dinero para devolverme el acceso a mi cuenta,hecho_delictivo,
204,me robaron la cuenta de facebook y ahora la usan para estafar,hecho_delictivo,
205,me clonaron el perfil y están escribiendo a mis contactos,hecho_delictivo,
206,recibí un mensaje pidiendo dinero haciéndose pasar por mi familiar,hecho_delictivo,
207,me estafaron con una venta por internet y no enviaron el producto,hecho_delictivo,
208,compré algo online y nunca llegó ni responden,hecho_delictivo,
209,me hicieron una transferencia falsa y se quedaron con el producto,hecho_delictivo,
210,están usando mi nombre para pedir dinero a otras personas,hecho_delictivo,
211,publicaron mis fotos sin mi consentimiento,hecho_delictivo,
212,difundieron un video mío sin permiso,hecho_delictivo,
213,alguien accedió a mi cuenta bancaria sin autorización,hecho_delictivo,
214,me vaciaron la cuenta después de un enlace sospechoso,hecho_delictivo,
215,me pidieron datos personales y luego hicieron compras con mi tarjeta,hecho_delictivo,
216,me están chantajeando con fotos privadas,hecho_delictivo,
217,me exigen dinero para no publicar información personal,hecho_delictivo,
218,me están acosando constantemente por mensajes,hecho_delictivo,
219,recibo llamadas insistentes para extorsionarme,hecho_delictivo,
220,me enviaron un enlace y al abrirlo perdí acceso a mi cuenta,hecho_delictivo,
221,alguien creó un perfil falso con mis datos,hecho_delictivo,
222,usaron mi identidad para registrarse en servicios,hecho_delictivo,
223,están vendiendo productos falsos usando mi marca,hecho_delictivo,
224,me robaron información personal desde una app,hecho_delictivo,
225,hackearon mi red social y publicaron contenido ofensivo,hecho_delictivo,
226,me robaron el acceso a mi cuenta de trabajo,hecho_delictivo,
227,recibí correos falsos pidiendo mis contraseñas,hecho_delictivo,
228,me engañaron con una inversión falsa por internet,hecho_delictivo,
229,me pidieron dinero por adelantado y desaparecieron,hecho_delictivo,
230,alguien accedió a mi teléfono y robó mis datos,hecho_delictivo,
231,me están suplantando en redes sociales,hecho_delictivo,
232,usaron mis fotos para crear perfiles falsos,hecho_delictivo,
233,me estafaron con un alquiler inexistente,hecho_delictivo,
234,me cobraron por un servicio que nunca prestaron,hecho_delictivo,
235,recibí amenazas de publicar mis datos si no pago,hecho_delictivo,
236,alguien accedió a mis archivos personales sin permiso,hecho_delictivo,
237,me robaron la identidad para solicitar préstamos,hecho_delictivo,
238,me engañaron con una compra en redes sociales,hecho_delictivo,
239,me hackearon el whatsapp y pidieron dinero a mis contactos,hecho_delictivo,
240,accedieron a mi cuenta y cambiaron toda la información,hecho_delictivo,
241,me estafaron con una página falsa de pagos,hecho_delictivo,
242,recibí mensajes fraudulentos solicitando datos bancarios,hecho_delictivo,
243,me robaron la tarjeta y realizaron compras sin permiso,hecho_delictivo,
244,están vendiendo mis datos personales,hecho_delictivo,
245,alguien publicó contenido mío privado sin autorización,hecho_delictivo,
246,me extorsionan con divulgar conversaciones privadas,hecho_delictivo,
247,me engañaron con una oferta laboral falsa,hecho_delictivo,
248,me pidieron dinero para un trámite falso,hecho_delictivo,
249,me robaron la cuenta de instagram,hecho_delictivo,
250,me hackearon y enviaron spam desde mi perfil,hecho_delictivo,
251,recibí un mensaje falso del banco pidiendo claves,hecho_delictivo,
252,me clonaron la tarjeta y hicieron compras,hecho_delictivo,
253,me estafaron con un envío internacional,hecho_delictivo,
254,accedieron a mi correo y cambiaron mis datos,hecho_delictivo,
255,me están extorsionando con información personal,hecho_delictivo,
256,alguien usó mi identidad para cometer fraude,hecho_delictivo,
257,me robaron el acceso a mi cuenta de trabajo,hecho_delictivo,
258,me engañaron con una tienda falsa,hecho_delictivo,
259,me hackearon el perfil y piden dinero,hecho_delictivo,
260,alguien publicó mis datos personales en internet,hecho_delictivo,
261,me estafaron con una inversión en criptomonedas,hecho_delictivo,
262,recibí llamadas para obtener mis datos personales,hecho_delictivo,
263,me robaron el acceso a mi cuenta bancaria,hecho_delictivo,
264,me engañaron con una compra falsa en línea,hecho_delictivo,
265,me clonaron el perfil para estafar a otros,hecho_delictivo,
266,me pidieron dinero con engaños por redes,hecho_delictivo,
267,me hackearon el correo y accedieron a mis cuentas,hecho_delictivo,
268,me robaron información desde un enlace malicioso,hecho_delictivo,
269,me extorsionan con fotos personales,hecho_delictivo,
270,me estafaron con una venta de productos falsos,hecho_delictivo,
271,accedieron a mi cuenta sin autorización,hecho_delictivo,
272,me robaron datos personales y los están usando,hecho_delictivo,
273,me engañaron con una página falsa de compras,hecho_delictivo,
274,me hackearon el teléfono y accedieron a mis cuentas,hecho_delictivo,
275,me pidieron dinero haciéndose pasar por una empresa,hecho_delictivo,
276,me estafaron con un anuncio falso,hecho_delictivo,
277,me robaron el perfil y publican contenido sin permiso,hecho_delictivo,
278,me extorsionan con divulgar información privada,hecho_delictivo,
279,me hackearon la cuenta de trabajo,hecho_delictivo,
280,me engañaron con un servicio inexistente,hecho_delictivo,
281,me robaron la identidad digital,hecho_delictivo,
282,me estafaron con una oferta en redes sociales,hecho_delictivo,
283,me accedieron a mis cuentas sin permiso,hecho_delictivo,
284,me pidieron dinero con engaños por internet,hecho_delictivo,
285,me robaron datos bancarios desde una web falsa,hecho_delictivo,
286,me hackearon y cambiaron mis credenciales,hecho_delictivo,
287,me engañaron con una oferta falsa de empleo,hecho_delictivo,
288,me extorsionan con publicar conversaciones,hecho_delictivo,
289,me estafaron con un pago adelantado,hecho_delictivo,
290,me robaron acceso a mis redes sociales,hecho_delictivo,
291,me pidieron dinero haciéndose pasar por un amigo,hecho_delictivo,
292,me hackearon la cuenta y enviaron mensajes fraudulentos,hecho_delictivo,
293,me engañaron con una página de pagos falsa,hecho_delictivo,
294,me robaron datos personales y financieros,hecho_delictivo,
295,me estafaron con una compra en línea,hecho_delictivo,
296,me extorsionan con información privada,hecho_delictivo,
297,me hackearon el perfil y perdí acceso,hecho_delictivo,
298,me pidieron dinero con engaños por mensaje,hecho_delictivo,
299,me robaron la cuenta y la usan para estafar,hecho_delictivo,
300,me engañaron con un servicio falso en internet,hecho_delictivo,
301,hola buenos dias estoy probando el formulario,inofensivo,
302,quisiera saber como hacer una denuncia,inofensivo,
303,no entiendo como funciona esta pagina,inofensivo,
304,esto es una prueba del sistema,inofensivo,
305,necesito informacion sobre un tramite,inofensivo,
306,buenas tardes tengo una duda,inofensivo,
307,solo estoy verificando si esto funciona,inofensivo,
308,quisiera recibir orientacion legal,inofensivo,
309,como puedo comunicarme con ustedes,inofensivo,
310,este mensaje es solo una prueba,inofensivo,
311,no se donde debo escribir mi caso,inofensivo,
312,me pueden ayudar con una consulta,inofensivo,
313,quiero saber el estado de mi solicitud,inofensivo,
314,no entiendo el proceso para denunciar,inofensivo,
315,esto funciona correctamente,inofensivo,
316,buenos dias necesito ayuda,inofensivo,
317,quisiera saber si pueden orientarme,inofensivo,
318,solo estoy probando el sistema,inofensivo,
319,tengo una duda sobre el formulario,inofensivo,
320,como puedo hacer seguimiento a mi caso,inofensivo,
321,no encuentro donde subir documentos,inofensivo,
322,esto es solo un mensaje de prueba,inofensivo,
323,quisiera saber los requisitos para denunciar,inofensivo,
324,necesito informacion general,inofensivo,
325,hola alguien puede responderme,inofensivo,
326,tengo un problema con el formulario,inofensivo,
327,esto es para verificar el sistema,inofensivo,
328,quisiera hacer una consulta,inofensivo,
329,no se si estoy en el lugar correcto,inofensivo,
330,como puedo contactar con soporte,inofensivo,
331,este es un mensaje de prueba,inofensivo,
332,necesito ayuda con un tramite,inofensivo,
333,quisiera saber que hacer en mi caso,inofensivo,
334,hola estoy probando la plataforma,inofensivo,
335,no entiendo como enviar mi informacion,inofensivo,
336,tengo dudas sobre el procedimiento,inofensivo,
337,esto es solo una prueba tecnica,inofensivo,
338,quisiera orientacion sobre un tema,inofensivo,
339,no se como completar el formulario,inofensivo,
340,hola necesito informacion,inofensivo,
341,solo estoy verificando el sistema,inofensivo,
342,quisiera saber los pasos a seguir,inofensivo,
343,no encuentro la opcion correcta,inofensivo,
344,esto es un test del sistema,inofensivo,
345,necesito aclarar una duda,inofensivo,
346,hola buenos dias tengo una consulta,inofensivo,
347,no entiendo las instrucciones,inofensivo,
348,quisiera saber mas informacion,inofensivo,
349,esto es solo una prueba de funcionamiento,inofensivo,
350,tengo preguntas sobre el servicio,inofensivo,
351,hola necesito orientacion,inofensivo,
352,no se donde enviar mi caso,inofensivo,
353,quisiera saber como funciona esto,inofensivo,
354,esto es una prueba simple,inofensivo,
355,necesito ayuda con el sistema,inofensivo,
356,hola alguien puede ayudarme,inofensivo,
357,no entiendo como llenar el formulario,inofensivo,
358,quisiera informacion adicional,inofensivo,
359,esto es solo una verificacion,inofensivo,
360,tengo dudas generales,inofensivo,
361,hola estoy haciendo una prueba,inofensivo,
362,no se como empezar,inofensivo,
363,quisiera orientacion general,inofensivo,
364,esto es un mensaje de prueba tecnica,inofensivo,
365,necesito informacion sobre el proceso,inofensivo,
366,hola buenos dias necesito ayuda,inofensivo,
367,no entiendo el sistema,inofensivo,
368,quisiera saber como proceder,inofensivo,
369,esto es solo un test,inofensivo,
370,tengo dudas sobre el formulario,inofensivo,
371,hola estoy probando,inofensivo,
372,no se donde escribir,inofensivo,
373,quisiera saber que hacer,inofensivo,
374,esto es una prueba del formulario,inofensivo,
375,necesito orientacion,inofensivo,
376,hola alguien puede responder,inofensivo,
377,no entiendo este proceso,inofensivo,
378,quisiera ayuda con mi caso,inofensivo,
379,esto es solo una prueba de sistema,inofensivo,
380,tengo dudas sobre como funciona,inofensivo,
381,hola necesito asistencia,inofensivo,
382,no se como usar esta pagina,inofensivo,
383,quisiera saber los pasos,inofensivo,
384,esto es un test simple,inofensivo,
385,necesito ayuda general,inofensivo,
386,hola buenos dias tengo dudas,inofensivo,
387,no entiendo el formulario,inofensivo,
388,quisiera informacion sobre esto,inofensivo,
389,esto es solo una prueba tecnica del sistema,inofensivo,
390,tengo preguntas generales,inofensivo,
391,hola estoy verificando,inofensivo,
392,no se como enviar esto,inofensivo,
393,quisiera saber como hacerlo,inofensivo,
394,esto es un mensaje de prueba del sistema,inofensivo,
395,necesito informacion basica,inofensivo,
396,hola necesito ayuda con esto,inofensivo,
397,no entiendo nada del sistema,inofensivo,
398,quisiera saber como funciona el proceso,inofensivo,
399,esto es solo una prueba de envio,inofensivo,
400,tengo dudas sobre el uso del sistema,inofensivo,
401,asere deja la muela que te voy a partir la cara,amenaza,
402,oye singao si te cojo en la calle te vas a acordar de mi,amenaza,
403,no me calientes que te voy a meter un galletazo que ni tu madre te reconoce,amenaza,
404,comepinga sigue hablando y te voy a caer arriba,amenaza,
405,te lo digo claro si te veo te voy a romper la boca,amenaza,
406,no juegues conmigo que te voy a dar una mano que te apago,amenaza,
407,asere te estas buscando un problema serio conmigo,amenaza,
408,deja el descaro que te voy a bajar los humos a la mala,amenaza,
409,si sigues con eso te voy a caer atras,amenaza,
410,oye loco bajale dos o te voy a reventar,amenaza,
411,te voy a dar una entrada que no te levantas,amenaza,
412,no me provoques que te voy a meter tremenda galleta,amenaza,
413,te estas pasando y te voy a ajustar las cuentas,amenaza,
414,cuando te agarre no te va a gustar nada,amenaza,
415,sigue asi que te voy a dar tu merecido,amenaza,
416,asere no inventes que te voy a caer con todo,amenaza,
417,te voy a romper la cara si te veo otra vez,amenaza,
418,oye deja la talla que te voy a meter un susto,amenaza,
419,te voy a enseñar a respetar a la mala,amenaza,
420,no me mires asi que te voy a dar una piña,amenaza,
421,si te cruzas conmigo te va a ir mal,amenaza,
422,te voy a dar una que ni vas a ver venir,amenaza,
423,no jodas mas que te voy a romper,amenaza,
424,asere tu te crees guapo pero te voy a bajar de la nube,amenaza,
425,te voy a dar candela si sigues,amenaza,
426,no te metas conmigo que te voy a tumbar,amenaza,
427,te voy a caer arriba sin aviso,amenaza,
428,oye tu sigue que te voy a dar duro,amenaza,
429,cuando te vea te voy a arreglar,amenaza,
430,te voy a meter tremenda mano,amenaza,
431,no te hagas el loco que te voy a ubicar,amenaza,
432,te voy a romper el hocico,amenaza,
433,sigue hablando basura que te voy a cerrar la boca,amenaza,
434,te voy a caer atras sin miedo,amenaza,
435,no te me pongas bravo que te voy a bajar los humos,amenaza,
436,te voy a dar una leccion que no olvidas,amenaza,
437,oye si te cojo te voy a dar piso,amenaza,
438,no te metas conmigo que te voy a desbaratar,amenaza,
439,te voy a dar una piña que te mando pa atras,amenaza,
440,asere tu estas jugando con fuego,amenaza,
441,te voy a caer con to lo que tengo,amenaza,
442,no inventes que te voy a meter mano,amenaza,
443,te voy a dar una sacudida,amenaza,
444,oye te voy a romper si sigues,amenaza,
445,te voy a poner en tu lugar a la mala,amenaza,
446,no te me hagas el guapo que te voy a tumbar,amenaza,
447,te voy a dar una que te quedas loco,amenaza,
448,sigue asi que te voy a apagar,amenaza,
449,te voy a caer arriba delante de todo el mundo,amenaza,
450,no me provoques mas que te voy a dar,amenaza,
451,te voy a dar una entrada fuerte,amenaza,
452,asere te voy a caer sin avisar,amenaza,
453,no te pases que te voy a reventar,amenaza,
454,te voy a meter tremendo golpe,amenaza,
455,sigue jodiendo que te voy a buscar,amenaza,
456,te voy a dar una mano dura,amenaza,
457,no te me pongas fresco que te voy a dar,amenaza,
458,te voy a caer arriba duro,amenaza,
459,te voy a meter un susto serio,amenaza,
460,asere no te hagas que te voy a caer,amenaza,
461,te voy a romper si te veo,amenaza,
462,no inventes que te voy a dar fuerte,amenaza,
463,te voy a caer con todo el peso,amenaza,
464,te voy a dar una que no olvidas,amenaza,
465,sigue asi que te voy a ajustar,amenaza,
466,te voy a meter tremenda piña,amenaza,
467,no te metas mas que te voy a caer,amenaza,
468,te voy a dar duro sin pensarlo,amenaza,
469,asere te voy a bajar de una,amenaza,
470,te voy a dar una que te quedas,amenaza,
471,no juegues conmigo que te voy a caer,amenaza,
472,te voy a romper todo si sigues,amenaza,
473,te voy a meter mano cuando te vea,amenaza,
474,oye sigue que te voy a dar,amenaza,
475,te voy a caer atras duro,amenaza,
476,no te me pongas asi que te voy a dar,amenaza,
477,te voy a dar una fuerte,amenaza,
478,te voy a romper la cara en una,amenaza,
479,sigue que te voy a dar piso,amenaza,
480,te voy a caer sin miedo ninguno,amenaza,
481,no te metas que te voy a dar,amenaza,
482,te voy a meter tremenda mano dura,amenaza,
483,asere te voy a caer arriba fuerte,amenaza,
484,te voy a dar una entrada que no olvidas,amenaza,
485,no inventes mas que te voy a romper,amenaza,
486,te voy a dar una sacudida grande,amenaza,
487,te voy a caer atras sin parar,amenaza,
488,sigue asi que te voy a dar duro,amenaza,
489,te voy a romper si te cruzas,amenaza,
490,no me busques que te voy a caer,amenaza,
491,te voy a meter tremendo golpe fuerte,amenaza,
492,te voy a dar una que te tumbo,amenaza,
493,asere te voy a caer arriba sin miedo,amenaza,
494,no jodas mas que te voy a dar,amenaza,
495,te voy a romper la boca en una,amenaza,
496,te voy a dar una piña fuerte,amenaza,
497,sigue hablando que te voy a caer,amenaza,
498,te voy a dar piso si te veo,amenaza,
499,no te me acerques que te voy a dar,amenaza,
500,te voy a romper todo si sigues asi,amenaza,
501,asere sigan jugando con el pueblo que despues no se quejen,amenaza,
502,xq tanta falta de respeto al pueblo despues vienen las consecuencias,amenaza,
503,esto no es eterno acuerdense de eso,amenaza,
504,sigan apretando que la gente no olvida,amenaza,
505,el pueblo esta mirando todo y algun dia pasa factura,amenaza,
506,no subestimen a la gente q despues es tarde,amenaza,
507,esto no se queda asi toda la vida,amenaza,
508,sigan asi que despues no hay marcha atras,amenaza,
509,el dia que esto cambie muchos van a correr,amenaza,
510,la historia siempre pone todo en su lugar,amenaza,
511,no jueguen mas con la paciencia del pueblo,amenaza,
512,esto tiene limite y ustedes lo saben,amenaza,
513,la gente ya esta llegando al punto,amenaza,
514,despues no digan que nadie aviso,amenaza,
515,el pueblo aguanta pero no es para siempre,amenaza,
516,sigan asi que el tiempo dira,amenaza,
517,esto se les puede ir de las manos,amenaza,
518,no todo dura para siempre acuerdense,amenaza,
519,la paciencia se esta acabando socio,amenaza,
520,el pueblo no es bobo como creen,amenaza,
521,esto tiene un final y ustedes lo saben,amenaza,
522,sigan tensando la cuerda a ver q pasa,amenaza,
523,el dia que la gente diga basta va a ser tarde,amenaza,
524,no sigan provocando q despues vienen los problemas,amenaza,
525,esto no se queda asi para siempre,amenaza,
526,la gente esta mirando y apuntando,amenaza,
527,despues no pidan calma cuando todo explote,amenaza,
528,esto va a cambiar quieran o no,amenaza,
529,no jueguen con la necesidad del pueblo,amenaza,
530,el tiempo de ustedes no es infinito,amenaza,
531,la historia juzga fuerte,amenaza,
532,sigan asi que despues no hay vuelta,amenaza,
533,esto no es juego ya,amenaza,
534,la gente esta cansada de verdad,amenaza,
535,el dia menos pensado esto cambia,amenaza,
536,no abusen mas que todo tiene limite,amenaza,
537,esto no es para siempre entiendan eso,amenaza,
538,la paciencia del pueblo se agota,amenaza,
539,despues no digan q no sabian,amenaza,
540,esto se les puede complicar rapido,amenaza,
541,el pueblo despierta poco a poco,amenaza,
542,no subestimen lo que esta pasando,amenaza,
543,esto no va a terminar bien si siguen,amenaza,
544,la gente no aguanta mas presion,amenaza,
545,esto tiene consecuencias siempre,amenaza,
546,sigan jugando con fuego,amenaza,
547,el pueblo esta tomando nota de todo,amenaza,
548,no crean que esto se olvida facil,amenaza,
549,esto puede cambiar de un momento a otro,amenaza,
550,la gente ya no es la misma de antes,amenaza,
551,no sigan abusando q eso pasa factura,amenaza,
552,esto se puede poner feo rapido,amenaza,
553,el pueblo no aguanta eternamente,amenaza,
554,esto no es estable como creen,amenaza,
555,la tension sigue subiendo,amenaza,
556,despues no hay quien controle nada,amenaza,
557,esto va a reventar en algun momento,amenaza,
558,no provoquen mas a la gente,amenaza,
559,el pueblo esta al limite ya,amenaza,
560,esto no se sostiene mucho tiempo mas,amenaza,
561,sigan asi q la historia cambia,amenaza,
562,esto no es juego de niños,amenaza,
563,la gente esta despertando,amenaza,
564,no tensen mas la situacion,amenaza,
565,esto no termina bien asi,amenaza,
566,el pueblo no se queda callado siempre,amenaza,
567,esto se esta calentando cada dia,amenaza,
568,no subestimen el cansancio de la gente,amenaza,
569,esto puede explotar en cualquier momento,amenaza,
570,la gente esta perdiendo el miedo,amenaza,
571,no sigan con eso q ya es mucho,amenaza,
572,esto no es sostenible mas,amenaza,
573,el pueblo va a reaccionar tarde o temprano,amenaza,
574,no jueguen con la necesidad,amenaza,
575,esto no se aguanta asi,amenaza,
576,la gente esta diciendo basta ya,amenaza,
577,esto puede cambiar sin aviso,amenaza,
578,no abusen mas del pueblo,amenaza,
579,esto tiene un limite claro,amenaza,
580,la situacion esta al borde,amenaza,
581,no provoquen lo que no quieren ver,amenaza,
582,esto no dura mucho mas asi,amenaza,
583,la gente esta cansada de verdad,amenaza,
584,esto puede salirse de control,amenaza,
585,no jueguen con la paciencia,amenaza,
586,esto va a cambiar quieran o no,amenaza,
587,la gente esta al limite socio,amenaza,
588,no sigan tensando la cuerda,amenaza,
589,esto no termina bien si sigue asi,amenaza,
590,el pueblo esta despertando poco a poco,amenaza,
591,no subestimen lo que viene,amenaza,
592,esto puede dar un giro rapido,amenaza,
593,la gente no aguanta mas,amenaza,
594,no abusen mas que todo cambia,amenaza,
595,esto tiene consecuencias grandes,amenaza,
596,la tension esta fuerte ya,amenaza,
597,no provoquen mas al pueblo,amenaza,
598,esto no es eterno entiendan,amenaza,
599,la gente esta perdiendo la paciencia,amenaza,
600,esto puede cambiar en cualquier momento,amenaza,
601,"Asere, este gobierno lo unico q sabe es meter muela y dejar al pueblo pasando tremenda hambre, singaos.",discurso_odio,
602,"Comepinga todos esos descarados, 60 y pico años de cuento y Cuba cada dia mas jodía.",discurso_odio,
603,"Ese sistema de mierda no sirve pa nada, pura miseria, apagones y descaro del grande.",discurso_odio,
604,Díaz Canel y toa esa pila de comemierdas tienen al pais en candela mientras ellos viven bien.,discurso_odio,
605,"No hay arroz, no hay corriente, no hay na, pero pa la propaganda siempre aparece de todo, abusadores.",discurso_odio,
606,"El comunismo ese lo q ha traido es hambre, tristeza y ganas de largarse de esta isla.",discurso_odio,
607,"Asi no se puede vivir, coño, siempre el mismo cuento y el pueblo echo polvo por culpa de esos hp.",discurso_odio,
608,"Tremenda cara dura tienen esos dirigentes, pidiendo resistencia desde la barriga llena.",discurso_odio,
609,"Cuba no avanza ni empujandola, por culpa de cuatro viejos y sus lamebotas.",discurso_odio,
610,"Abajo esa banda de mentirosos, lo unico q producen es miseria y mas miseria.",discurso_odio,
611,"Q clase descaro, salen a hablar de victorias cuando el pueblo no tiene ni pan.",discurso_odio,
612,"Ese gobierno esta podrío por dentro, pura mentira, robo y abuso contra la gente.",discurso_odio,
613,"Asere, ya nadie les cree un carajo, llevan años vendiendo humo y echandole la culpa a otros.",discurso_odio,
614,"Lo de ustedes no es gobernar, es aplastar al pueblo y vivir del sudor ajeno, comepingas.",discurso_odio,
615,"Cada discurso de esa gente da mas asco q el anterior, siempre la misma muela podrida.",discurso_odio,
616,"Que clase panda de sinverguenzas, el cubano fajao y ellos en tremenda comodidad.",discurso_odio,
617,"No hay quien aguante otro aniversario de esa basura, celebrando mientras el pueblo no tiene na.",discurso_odio,
618,Ese cuento revolucionario ya no se lo traga ni el mas bobo del barrio.,discurso_odio,
619,"Los unicos vencedores aqui son ellos, q siguen arriba mientras el pueblo se hunde.",discurso_odio,
620,"Asi cualquiera manda, con el pueblo callao por miedo y pasando trabajo to los dias.",discurso_odio,
621,Tanta consigna y tanta bandera pa tapar q el pais se esta cayendo a pedasos.,discurso_odio,
622,"Digan lo q digan, esos tipos tienen a Cuba secuestrada hace pila de años.",discurso_odio,
623,"Coño, q gobierno mas inutil, no resuelven una y encima quieren aplausos.",discurso_odio,
624,"La miseria en Cuba tiene nombre y apellido, y todos lo saben aunque no lo digan.",discurso_odio,
625,"Q se dejen de meter muela ya, el pueblo ta cansao de tanta manipulación y descaro.",discurso_odio,
626,Esos comunistas de carton viven del cuento mientras la gente rebusca comida como pueda.,discurso_odio,
627,"Na mas saben hablar de sacrificio ajeno, pq el de ellos nunca aparece.",discurso_odio,
628,El hambre q hay en la calle es culpa directa de esa gente incapaz y abusadora.,discurso_odio,
629,"Asere, esto no es vida, esto es una condena eterna por culpa del mismo grupito.",discurso_odio,
630,"Todo lo q tocan lo rompen, la agricultura, la corriente, el transporte, todo hecho leña.",discurso_odio,
631,"La Habana maquillá y el resto del pais comiendose un cable, q clase hp son.",discurso_odio,
632,Da tremendo asco verlos sonreir en TV mientras el pueblo ta sin agua ni corriente.,discurso_odio,
633,"Ya basta de tanta mentira, ustedes no son salvadores, son los q hundieron esto.",discurso_odio,
634,"No hay bloqueo q tape tanta incompetencia junta, eso es pura justificacion barata.",discurso_odio,
635,"Cada vez q hablan sube el panico, pq uno sabe q viene otro abuso o otra escases.",discurso_odio,
636,"Q clase gobierno mas descarado, ni comida ni futuro, pero si mucha vigilancia.",discurso_odio,
637,"Esos singaos han convertido al cubano en experto en sobrevivir, no en vivir.",discurso_odio,
638,"La juventud lo q quiere es pirarse, pq aqui no queda ni esperanza con esa gente mandando.",discurso_odio,
639,"Hablan de dignidad y tienen al pueblo haciendo colas como animales, q falta de respeto.",discurso_odio,
640,"El pais se cae a pedasos y ellos con el teatro politico de siempre, comemierdas.",discurso_odio,
641,"Asere, q manera de destruir una nacion y despues hacerse los inocentes.",discurso_odio,
642,"Nadie aguanta mas apagones ni mas muela, el pueblo esta reventao de tanto abuso.",discurso_odio,
643,"El gobierno cubano es una fabrica de pobreza, miedo y frustracion.",discurso_odio,
644,"Siempre prometiendo comida, transporte y mejoras, y al final no aparece un carajo.",discurso_odio,
645,"Eso da pena ajena, dirigentes hablando bonito mientras la gente no tiene ni medicina.",discurso_odio,
646,La revolucion esa se quedo en consignas vacias y barriga vacia tambien.,discurso_odio,
647,Lo unico estable en Cuba es la mentira oficial y el descaro de los de arriba.,discurso_odio,
648,"Asi cualquiera hace politica, aplastando al pueblo y despues pidiendo apoyo.",discurso_odio,
649,"Esos tipos tienen q darle gracias al miedo, pq si fuera por amor nadie los soporta.",discurso_odio,
650,"Cada dia mas ruina, mas hambre y mas gente queriendo largarse por culpa de los mismos.",discurso_odio,
651,Q clase castigo vivir bajo un sistema q no sirve y encima te obliga a aplaudir.,discurso_odio,
652,"La culpa no es del pueblo, la culpa es de los ineptos q llevan decadas destruyendo el pais.",discurso_odio,
653,"No hay discurso q arregle la nevera vacia, asere, ya el pueblo desperto.",discurso_odio,
654,"Esos gobernantes son unos caraduras, viven bien y quieren q el cubano aguante callao.",discurso_odio,
655,"A Cuba la tienen fundía entre mentira, represion y miseria planificada.",discurso_odio,
656,"Se creen eternos, pero el pueblo los tiene atravesaos hace rato.",discurso_odio,
657,"Coño, q manera de burlarse de la gente humilde, prometiendo lo mismo todos los años.",discurso_odio,
658,"Lo peor de todo no es el hambre, es q encima quieran venderlo como victoria.",discurso_odio,
659,"Asere, q se metan sus consignas por donde no les da el sol, el pueblo quiere comer.",discurso_odio,
660,"Ese poder lo sostienen a base de miedo, pq de resultados no pueden hablar.",discurso_odio,
661,"Mas de medio siglo y no han resuelto ni la papa, ni el arroz, ni la corriente, ni na.",discurso_odio,
662,"Q clase banda de abusadores, no sueltan el poder ni aunque el pais se hunda entero.",discurso_odio,
663,"La gente no se va por gusto, se va huyendo de la miseria q ustedes sembraron.",discurso_odio,
664,"Hablan de soberania y tienen al pueblo pasando la de Cain, q falta de respeto.",discurso_odio,
665,Todo el q defiende esa basura o vive de ella o no pisa la calle.,discurso_odio,
666,"Asere, la realidad de Cuba les mete una galleta sin mano a todos esos discursos.",discurso_odio,
667,"No hay patria ni dignidad con la barriga vacia y el alma rota, dejen ya el teatro.",discurso_odio,
668,Ese sistema lo q da es ganas de gritar y mandarlos pa la mierda a todos.,discurso_odio,
669,"Q manera de reirse del pueblo noble, de verdad q no tienen vergüensa.",discurso_odio,
670,"La libreta no alcanza, el salario no alcanza, la paciencia tampoco, comepingas.",discurso_odio,
671,Ellos hablan de resistencia porque nunca han tenido q hacer una cola de 8 horas.,discurso_odio,
672,"Asi cualquiera dirige, con privilegios pa unos pocos y miseria pa millones.",discurso_odio,
673,Todo en este pais esta manga por hombro por culpa de dirigentes mediocres y tercos.,discurso_odio,
674,"El cubano no vive, sobrevive entre la mentira del gobierno y la necesidad.",discurso_odio,
675,"Q clase descaro tienen, celebrando actos mientras en la casa no hay ni un huevo.",discurso_odio,
676,"Ese cuento del enemigo externo ya no cuela, el enemigo lo tiene Cuba adentro mandando.",discurso_odio,
677,"Asere, lo q da rabia es ver q destruyeron generaciones enteras y todavia quieren respeto.",discurso_odio,
678,No hay futuro con esa gente pega al poder como garrapata.,discurso_odio,
679,"La miseria en Cuba no es accidente, es el resultado de años de abuso y mala leche.",discurso_odio,
680,"Q gobierno mas manipulador, hasta el hambre la convierten en consigna.",discurso_odio,
681,Da ganas de reirse por no llorar cada vez q salen con otro discurso de victoria.,discurso_odio,
682,"Esos hp no sienten el dolor del pueblo, lo administran desde lejos y con aire acondicionado.",discurso_odio,
683,"Ni luz, ni comida, ni libertad, pero si tremendo aparato pa vigilar al q protesta.",discurso_odio,
684,"Asere, a Cuba la exprimieron hasta dejarla en los huesos y todavia piden mas sacrificio.",discurso_odio,
685,"No son lideres, son especialistas en hundir y despues culpar al mar.",discurso_odio,
686,El cubano ta cansao de tanta promesa rota y tanto descaro institucional.,discurso_odio,
687,"Q poca madre tienen, saben q el pueblo sufre y siguen con el show politico.",discurso_odio,
688,Aqui lo unico revolucionario ha sido la capacidad de aguante del pueblo.,discurso_odio,
689,"Asi no hay quien crea en nada, todo lo volvieron ruina, miedo y desesperanza.",discurso_odio,
690,"Los de arriba viven como reyes y el barrio reventao, esa es la verdad sin maquillaje.",discurso_odio,
691,"Cada año peor y ellos con mas cinismo, q clase maldicion de gobierno.",discurso_odio,
692,Ya no les queda credibilidad ni pa vender un vaso de agua en el malecon.,discurso_odio,
693,"Asere, cuando el pueblo explota no es por gusto, es por hambre, abuso y cansancio acumulado.",discurso_odio,
694,Todo lo convierten en politica menos resolverle la vida al cubano de a pie.,discurso_odio,
695,"Q se dejen de actos y consignas, lo q hace falta es comida y libertad, no mas cuentos.",discurso_odio,
696,Ese sistema esta hecho pa q unos manden y el resto aguante callao como pueda.,discurso_odio,
697,"La gente no odia por gusto, odia porque lleva años tragando miseria y humillacion.",discurso_odio,
698,"Asere, Cuba merece mucho mas q esta pila de ineptos aferrados al poder.",discurso_odio,
699,No hay romanticismo revolucionario q tape el desastre q dejaron en cada casa.,discurso_odio,
700,"El pueblo ta hasta el cuello de tanta basura oficial, tanta escases y tanto descaro junto.",discurso_odio,
701,"La policia esa no protege a nadie, lo q hacen es reprimir y abusar del pueblo, singaos.",discurso_odio,
702,"Esos guardias son unos descarados, siempre arriba del pobre y nunca resuelven na.",discurso_odio,
703,La seguridad del estado lo unico q sabe es meter miedo y vigilar como si esto fuera una carcel.,discurso_odio,
704,Comepinga los militares q se creen dueños del pais mientras el pueblo pasando hambre.,discurso_odio,
705,"La PNR sirve pa joder al cubano de a pie, nunca pa ayudar, tremendo abuso.",discurso_odio,
706,"Esos uniformados son mas problema q solucion, siempre metiendo presion y abuso.",discurso_odio,
707,"La policia en Cuba es pa callar gente, no pa protegerla, q clase sistema mas podrio.",discurso_odio,
708,"Los de la seguridad viven del miedo del pueblo, pura represion y descaro.",discurso_odio,
709,"Esos agentes son unos chivatones con uniforme, vigilando hasta el aire.",discurso_odio,
710,"La institucion esa ta hecha pa controlar, no pa servir, q falta de respeto.",discurso_odio,
711,"La policia no es del pueblo na, es del poder, eso ta clarisimo.",discurso_odio,
712,"Cada vez q veo un guardia lo q siento es rabia, nunca confianza.",discurso_odio,
713,"Esos tipos viven pa reprimir, no pa cuidar, q clase hp son.",discurso_odio,
714,"La seguridad del estado ta en to, menos resolviendo problemas reales.",discurso_odio,
715,"Asere, los militares esos viven mejor q nadie mientras el pueblo se jode.",discurso_odio,
716,"La PNR se cree q puede hacer lo q le da la gana, abuso tras abuso.",discurso_odio,
717,"Esos uniformes solo sirven pa meter miedo, no pa ayudar a nadie.",discurso_odio,
718,La policia cubana es tremendo descaro institucionalizado.,discurso_odio,
719,Los de la seguridad son especialistas en perseguir al q piensa diferente.,discurso_odio,
720,"No hay justicia con esas instituciones, solo control y abuso.",discurso_odio,
721,"Esos guardias siempre contra el pueblo, nunca de su lado.",discurso_odio,
722,"La policia lo q da es miedo, no tranquilidad, eso lo sabe todo el mundo.",discurso_odio,
723,"Los militares estan pa defender el poder, no al pais.",discurso_odio,
724,"La seguridad del estado es puro espionaje interno, q asco.",discurso_odio,
725,Esos agentes viven vigilando mas q trabajando de verdad.,discurso_odio,
726,La PNR lo q hace es joder al q no tiene con q defenderse.,discurso_odio,
727,Los uniformados son unos abusadores protegidos por el sistema.,discurso_odio,
728,"Asere, esos tipos no respetan a nadie, hacen lo q quieren.",discurso_odio,
729,"La policia siempre cae arriba del debil, nunca del poderoso.",discurso_odio,
730,"La seguridad esa lo q da es pena ajena, pura represion.",discurso_odio,
731,"Los militares viviendo bien y el pueblo pasando trabajo, q descaro.",discurso_odio,
732,"La PNR es tremendo instrumento de presion, no de ayuda.",discurso_odio,
733,Esos agentes parecen mas delincuentes q los mismos q persiguen.,discurso_odio,
734,"La policia no resuelve crimenes, resuelve callar gente.",discurso_odio,
735,La seguridad del estado es una sombra q lo controla todo.,discurso_odio,
736,"Los guardias se creen intocables, puro abuso con uniforme.",discurso_odio,
737,La institucion esa no tiene credibilidad ninguna.,discurso_odio,
738,"La policia cubana es sinónimo de problema, no de solucion.",discurso_odio,
739,"Esos tipos no sirven pa cuidar, solo pa imponer miedo.",discurso_odio,
740,La seguridad vive de inventar enemigos dentro del pais.,discurso_odio,
741,"Los militares no defienden al pueblo, defienden el poder.",discurso_odio,
742,"La PNR siempre llega tarde o pa joder, nunca pa ayudar.",discurso_odio,
743,Esos uniformados no tienen empatia ninguna con la gente.,discurso_odio,
744,La policia lo q hace es reprimir cualquier cosa q no les guste.,discurso_odio,
745,La seguridad del estado vive metida en la vida de todo el mundo.,discurso_odio,
746,Los guardias son unos abusadores con licencia.,discurso_odio,
747,La institucion policial ta podría de arriba abajo.,discurso_odio,
748,Esos agentes no tienen respeto por el pueblo.,discurso_odio,
749,La policia en Cuba es mas miedo q proteccion.,discurso_odio,
750,Los militares viven desconectados de la realidad del pueblo.,discurso_odio,
751,"La seguridad esa es puro control social, nada mas.",discurso_odio,
752,"La PNR no sirve pa resolver, solo pa imponer.",discurso_odio,
753,"Esos tipos viven pa vigilar, no pa ayudar.",discurso_odio,
754,La policia cubana es tremenda decepcion.,discurso_odio,
755,La seguridad del estado mete miedo hasta sin hablar.,discurso_odio,
756,Los guardias abusan porque saben q nadie los toca.,discurso_odio,
757,"La institucion esa da asco, pura represion.",discurso_odio,
758,"La policia no esta pa proteger al pueblo, eso es mentira.",discurso_odio,
759,"Los militares son parte del problema, no de la solucion.",discurso_odio,
760,La seguridad vive de controlar opiniones.,discurso_odio,
761,La PNR es mas politica q policia.,discurso_odio,
762,Esos agentes parecen robots del sistema.,discurso_odio,
763,"La policia es instrumento de poder, no de justicia.",discurso_odio,
764,La seguridad del estado es puro miedo organizado.,discurso_odio,
765,Los guardias viven del abuso diario.,discurso_odio,
766,La institucion policial no tiene respeto en la calle.,discurso_odio,
767,La policia siempre contra el pueblo humilde.,discurso_odio,
768,Los militares viven mejor q el resto sin hacer na util.,discurso_odio,
769,La seguridad esa es vigilancia constante.,discurso_odio,
770,La PNR no inspira confianza ninguna.,discurso_odio,
771,Esos tipos viven pa joder al q protesta.,discurso_odio,
772,La policia cubana es puro teatro y abuso.,discurso_odio,
773,La seguridad del estado es el verdadero control del pais.,discurso_odio,
774,Los guardias son parte del problema diario.,discurso_odio,
775,La institucion esa es pura presion social.,discurso_odio,
776,La policia solo aparece pa reprimir.,discurso_odio,
777,Los militares no representan al pueblo.,discurso_odio,
778,"La seguridad vive pendiente de la gente, no de los problemas.",discurso_odio,
779,"La PNR no ayuda, estorba.",discurso_odio,
780,Esos agentes no tienen moral pa nada.,discurso_odio,
781,La policia es miedo en cada esquina.,discurso_odio,
782,La seguridad del estado es puro control mental.,discurso_odio,
783,Los guardias abusan de su poder todos los dias.,discurso_odio,
784,La institucion policial es un desastre total.,discurso_odio,
785,La policia cubana no sirve pa lo q deberia.,discurso_odio,
786,Los militares viven alejados del sufrimiento real.,discurso_odio,
787,La seguridad mete presion hasta sin motivo.,discurso_odio,
788,La PNR siempre del lado equivocado.,discurso_odio,
789,Esos tipos no tienen respeto por nadie.,discurso_odio,
790,La policia lo q genera es rechazo.,discurso_odio,
791,La seguridad del estado controla hasta el pensamiento.,discurso_odio,
792,Los guardias viven del abuso constante.,discurso_odio,
793,La institucion esa no sirve pa el pueblo.,discurso_odio,
794,La policia cubana es represion pura.,discurso_odio,
795,Los militares son parte del control del sistema.,discurso_odio,
796,La seguridad vive de meter miedo.,discurso_odio,
797,La PNR no resuelve nada importante.,discurso_odio,
798,Esos agentes son puro control social.,discurso_odio,
799,La policia es herramienta del poder.,discurso_odio,
800,La seguridad del estado no deja vivir tranquilo.,discurso_odio,
801,"La policia apagando al pueblo mientras no hay corriente ni comida, q clase abuso descarado.",discurso_odio,
802,"Esos guardias cuidando colas de comida vacia y el pueblo sin na, tremendo circo.",discurso_odio,
803,"La seguridad del estado vigilando mas q resolver la falta de combustible, q hp.",discurso_odio,
804,"Militares con gasolina asegurá y el pueblo caminando, q injusticia mas grande.",discurso_odio,
805,"La PNR cuidando panaderias sin pan, eso es tremendo chiste de mal gusto.",discurso_odio,
806,"Uniformados con corriente todo el dia y el barrio en apagón, descaro total.",discurso_odio,
807,"La policia reprime cuando falta comida en vez de ayudar, puro abuso.",discurso_odio,
808,"La seguridad metida en la cola del pollo pa controlar, no pa resolver.",discurso_odio,
809,Esos agentes cuidando combustible pa ellos y el pueblo sin transporte.,discurso_odio,
810,"La institucion esa no sirve pa dar luz ni comida, solo pa joder.",discurso_odio,
811,"Policia cuidando mercados vacios, tremenda burla al pueblo.",discurso_odio,
812,Guardias con barriga llena y el barrio sin arroz ni corriente.,discurso_odio,
813,Seguridad del estado vigilando apagones como si fuera culpa del pueblo.,discurso_odio,
814,"Militares con planta electrica y el pueblo a oscuras, q falta de respeto.",discurso_odio,
815,"La PNR protegiendo colas infinitas sin comida, q circo.",discurso_odio,
816,Uniformados con gasolina mientras la gente no tiene ni pa moverse.,discurso_odio,
817,"La policia reprimiendo por protestar la falta de comida, abuso tras abuso.",discurso_odio,
818,Seguridad del estado mas pendiente de la gente q de resolver la corriente.,discurso_odio,
819,"Agentes vigilando tiendas vacias, eso es puro teatro.",discurso_odio,
820,Institucion podría q no resuelve ni combustible ni na.,discurso_odio,
821,"Policia cuidando camiones q no traen comida, tremenda mentira.",discurso_odio,
822,"Guardias con luz y el pueblo en apagón eterno, descaro.",discurso_odio,
823,Seguridad del estado controlando colas por pollo q nunca llega.,discurso_odio,
824,"Militares con combustible y el transporte muerto, q abuso.",discurso_odio,
825,La PNR defendiendo mercados vacios como si hubiera algo.,discurso_odio,
826,Uniformados comiendo bien mientras el pueblo pasando hambre.,discurso_odio,
827,"La policia reprime por quejarse de la corriente, q clase sistema.",discurso_odio,
828,Seguridad vigilando mas q resolver la comida.,discurso_odio,
829,"Agentes cuidando gasolina pa ellos, el resto q se joda.",discurso_odio,
830,Institucion q solo mete miedo mientras no hay na pa comer.,discurso_odio,
831,"Policia controlando colas sin productos, tremendo abuso.",discurso_odio,
832,Guardias con privilegios mientras el pueblo no tiene ni luz.,discurso_odio,
833,Seguridad del estado tapando la miseria en vez de resolverla.,discurso_odio,
834,Militares con todo garantizao y el pueblo sin nada.,discurso_odio,
835,"La PNR protegiendo desabastecimiento, q ironia.",discurso_odio,
836,"Uniformados vigilando hambre ajena, descaro total.",discurso_odio,
837,"La policia reprimiendo por falta de comida, q clase hp.",discurso_odio,
838,Seguridad controlando protestas por apagones.,discurso_odio,
839,Agentes con gasolina mientras el pueblo sin transporte.,discurso_odio,
840,Institucion q no resuelve ni luz ni comida.,discurso_odio,
841,"Policia cuidando colas de miseria, tremendo teatro.",discurso_odio,
842,Guardias con corriente mientras el barrio oscuro.,discurso_odio,
843,Seguridad vigilando colas sin productos.,discurso_odio,
844,"Militares con comida asegurada, el pueblo no.",discurso_odio,
845,La PNR protegiendo tiendas vacias.,discurso_odio,
846,Uniformados viviendo bien mientras el pueblo mal.,discurso_odio,
847,La policia reprime por reclamar comida.,discurso_odio,
848,Seguridad mas pendiente de controlar q de resolver.,discurso_odio,
849,Agentes cuidando combustible pa el sistema.,discurso_odio,
850,Institucion sin soluciones pa la miseria.,discurso_odio,
851,Policia controlando apagones en vez de quitarlos.,discurso_odio,
852,Guardias con luz siempre y el pueblo nunca.,discurso_odio,
853,Seguridad vigilando hambre ajena.,discurso_odio,
854,Militares con gasolina y el pueblo a pie.,discurso_odio,
855,La PNR defendiendo escases.,discurso_odio,
856,Uniformados con privilegios mientras el pueblo sufre.,discurso_odio,
857,La policia reprime por quejarse del combustible.,discurso_odio,
858,Seguridad vigilando colas de comida inexistente.,discurso_odio,
859,Agentes cuidando gasolina mientras el pueblo no tiene.,discurso_odio,
860,Institucion q no sirve pa resolver comida.,discurso_odio,
861,Policia cuidando tiendas sin nada.,discurso_odio,
862,Guardias con comida mientras el pueblo no.,discurso_odio,
863,Seguridad controlando apagones sin solucion.,discurso_odio,
864,Militares con corriente y el pueblo sin.,discurso_odio,
865,La PNR vigilando hambre.,discurso_odio,
866,Uniformados protegiendo miseria.,discurso_odio,
867,La policia reprime por falta de luz.,discurso_odio,
868,Seguridad vigilando sin resolver comida.,discurso_odio,
869,Agentes con gasolina y el pueblo sin.,discurso_odio,
870,Institucion abusiva sin soluciones.,discurso_odio,
871,Policia controlando colas vacias.,discurso_odio,
872,Guardias con luz y pueblo oscuro.,discurso_odio,
873,Seguridad vigilando sin resolver.,discurso_odio,
874,Militares con privilegios.,discurso_odio,
875,La PNR protegiendo escases.,discurso_odio,
876,Uniformados viviendo mejor.,discurso_odio,
877,La policia reprime al hambriento.,discurso_odio,
878,Seguridad controla todo menos la comida.,discurso_odio,
879,Agentes cuidan gasolina.,discurso_odio,
880,Institucion sin soluciones.,discurso_odio,
881,Policia vigilando hambre.,discurso_odio,
882,Guardias con comida.,discurso_odio,
883,Seguridad sin resolver apagones.,discurso_odio,
884,Militares con corriente.,discurso_odio,
885,La PNR protege miseria.,discurso_odio,
886,Uniformados con privilegios.,discurso_odio,
887,Policia reprime por comida.,discurso_odio,
888,Seguridad vigila colas.,discurso_odio,
889,Agentes cuidan combustible.,discurso_odio,
890,Institucion sin respuesta.,discurso_odio,
891,Policia en colas vacias.,discurso_odio,
892,Guardias con luz.,discurso_odio,
893,Seguridad sin soluciones.,discurso_odio,
894,Militares con gasolina.,discurso_odio,
895,La PNR vigila hambre.,discurso_odio,
896,Uniformados mejor q el pueblo.,discurso_odio,
897,Policia reprime apagones.,discurso_odio,
898,Seguridad controla comida.,discurso_odio,
899,Agentes con privilegios.,discurso_odio,
900,Institucion protege miseria.,discurso_odio,
901,"Esas clarias viven del cuento oficial, pura muela pa tapar la miseria.",discurso_odio,
902,"Los chivatos del barrio siempre corriendo pa informar, q gente mas baja.",discurso_odio,
903,"Periodistas clarias repitiendo lo q les mandan, cero dignidad.",discurso_odio,
904,"Las clarias en redes defendiendo lo indefendible, q descaro.",discurso_odio,
905,"Chivatos vigilando a los vecinos pa quedar bien, tremenda basura.",discurso_odio,
906,Esos periodistas clarias no dicen la verdad ni por accidente.,discurso_odio,
907,Clarias metiendo muela mientras el pueblo pasando hambre.,discurso_odio,
908,"Los chivatos viven de señalar al otro, q vida mas triste.",discurso_odio,
909,Periodistas clarias maquillando la realidad como si nadie viera.,discurso_odio,
910,Esas clarias solo sirven pa repetir consignas.,discurso_odio,
911,"Chivatos del barrio metidos en to, q falta de respeto.",discurso_odio,
912,Periodistas clarias con discurso reciclado todos los dias.,discurso_odio,
913,Clarias defendiendo el sistema mientras el pueblo se jode.,discurso_odio,
914,"Chivatos buscando puntos con la seguridad, q asco.",discurso_odio,
915,Periodistas clarias vendiendo humo en cada noticia.,discurso_odio,
916,Esas clarias no sienten lo q pasa en la calle.,discurso_odio,
917,Los chivatos son el peor veneno social.,discurso_odio,
918,Periodistas clarias sin credibilidad ninguna.,discurso_odio,
919,Clarias hablando bonito pa tapar la miseria.,discurso_odio,
920,Chivatos siempre pendientes de quien habla de mas.,discurso_odio,
921,Periodistas clarias defendiendo lo indefendible.,discurso_odio,
922,Clarias en TV mintiendo con sonrisa.,discurso_odio,
923,Chivatos dañando la convivencia del barrio.,discurso_odio,
924,Periodistas clarias manipulando informacion.,discurso_odio,
925,"Clarias q no saben ni lo q dicen, solo repiten.",discurso_odio,
926,Chivatos metiendo cizaña pa quedar bien arriba.,discurso_odio,
927,Periodistas clarias vendiendo cuentos.,discurso_odio,
928,Clarias desconectadas de la realidad.,discurso_odio,
929,Chivatos pendientes de denunciar al vecino.,discurso_odio,
930,Periodistas clarias sin respeto del pueblo.,discurso_odio,
931,Clarias justificando cada problema.,discurso_odio,
932,Chivatos viviendo de vigilar.,discurso_odio,
933,Periodistas clarias ocultando la verdad.,discurso_odio,
934,Clarias hablando de logros q no existen.,discurso_odio,
935,Chivatos metidos en la vida ajena.,discurso_odio,
936,Periodistas clarias repitiendo guion.,discurso_odio,
937,Clarias defendiendo miseria.,discurso_odio,
938,Chivatos creando desconfianza.,discurso_odio,
939,Periodistas clarias sin criterio.,discurso_odio,
940,Clarias engañando a nadie ya.,discurso_odio,
941,Chivatos siempre al acecho.,discurso_odio,
942,Periodistas clarias sin etica.,discurso_odio,
943,Clarias viviendo del cuento.,discurso_odio,
944,Chivatos dañando relaciones.,discurso_odio,
945,Periodistas clarias manipulando noticias.,discurso_odio,
946,Clarias defendiendo el desastre.,discurso_odio,
947,Chivatos buscando beneficios.,discurso_odio,
948,Periodistas clarias sin credibilidad.,discurso_odio,
949,Clarias en redes repitiendo consignas.,discurso_odio,
950,Chivatos pendientes de todo.,discurso_odio,
951,Periodistas clarias vendiendo propaganda.,discurso_odio,
952,Clarias justificando errores.,discurso_odio,
953,Chivatos vigilando vecinos.,discurso_odio,
954,Periodistas clarias sin independencia.,discurso_odio,
955,Clarias defendiendo lo indefendible.,discurso_odio,
956,Chivatos dañando al pueblo.,discurso_odio,
957,Periodistas clarias manipulando realidad.,discurso_odio,
958,Clarias desconectadas del pueblo.,discurso_odio,
959,Chivatos creando division.,discurso_odio,
960,Periodistas clarias sin honestidad.,discurso_odio,
961,Clarias repitiendo discursos.,discurso_odio,
962,Chivatos pendientes de denunciar.,discurso_odio,
963,Periodistas clarias maquillando problemas.,discurso_odio,
964,Clarias defendiendo el poder.,discurso_odio,
965,Chivatos viviendo del chisme.,discurso_odio,
966,Periodistas clarias sin verguenza.,discurso_odio,
967,Clarias justificando todo.,discurso_odio,
968,Chivatos dañando confianza.,discurso_odio,
969,Periodistas clarias sin profesionalismo.,discurso_odio,
970,Clarias engañando al pueblo.,discurso_odio,
971,Chivatos pendientes de todo movimiento.,discurso_odio,
972,Periodistas clarias repitiendo propaganda.,discurso_odio,
973,Clarias defendiendo el sistema.,discurso_odio,
974,Chivatos informando al poder.,discurso_odio,
975,Periodistas clarias sin objetividad.,discurso_odio,
976,Clarias viviendo del discurso oficial.,discurso_odio,
977,Chivatos metidos en todo.,discurso_odio,
978,Periodistas clarias sin etica profesional.,discurso_odio,
979,Clarias defendiendo propaganda.,discurso_odio,
980,Chivatos dañando comunidad.,discurso_odio,
981,Periodistas clarias sin credibilidad real.,discurso_odio,
982,Clarias repitiendo mentiras.,discurso_odio,
983,Chivatos pendientes de denunciar todo.,discurso_odio,
984,Periodistas clarias sin independencia real.,discurso_odio,
985,Clarias defendiendo mentiras.,discurso_odio,
986,Chivatos dañando vecinos.,discurso_odio,
987,Periodistas clarias sin respeto.,discurso_odio,
988,Clarias justificando propaganda.,discurso_odio,
989,Chivatos creando conflictos.,discurso_odio,
990,Periodistas clarias sin honestidad profesional.,discurso_odio,
991,Clarias viviendo de repetir.,discurso_odio,
992,Chivatos pendientes del otro.,discurso_odio,
993,Periodistas clarias sin valor.,discurso_odio,
994,Clarias defendiendo el discurso.,discurso_odio,
995,Chivatos informando todo.,discurso_odio,
996,Periodistas clarias sin independencia editorial.,discurso_odio,
997,Clarias repitiendo el guion.,discurso_odio,
998,Chivatos vigilando siempre.,discurso_odio,
999,Periodistas clarias sin credibilidad publica.,discurso_odio,
1000,Clarias defendiendo lo mismo de siempre.,discurso_odio,
1001,"Díaz Canel es tremendo descarado, hablando de logros con el pais en candela.",discurso_odio,
1002,"Ese dirigente no sirve pa nada, pura muela y cero soluciones.",discurso_odio,
1003,Los voceros oficiales son unos comepinga repitiendo mentiras.,discurso_odio,
1004,Ese politico vive desconectado de la realidad del cubano.,discurso_odio,
1005,"Q clase sinverguenza ese tipo, prometiendo lo mismo todos los años.",discurso_odio,
1006,Esa figura publica es pura propaganda caminando.,discurso_odio,
1007,Ese dirigente lo unico q hace es justificar la miseria.,discurso_odio,
1008,"Q cara dura tiene ese politico, ni pena le da mentir.",discurso_odio,
1009,Ese vocero habla bonito pero no resuelve ni un problema.,discurso_odio,
1010,"Asere, ese tipo es tremendo hp con corbata.",discurso_odio,
1011,Ese dirigente no sabe lo q es hacer una cola en su vida.,discurso_odio,
1012,Ese politico vive en otro planeta.,discurso_odio,
1013,"Q descaro ese vocero, defendiendo lo indefendible.",discurso_odio,
1014,Ese tipo es pura mentira con patas.,discurso_odio,
1015,Esa figura publica da pena ajena cada vez q habla.,discurso_odio,
1016,"Ese dirigente es parte del problema, no de la solucion.",discurso_odio,
1017,Ese politico no tiene ni idea de lo q vive el pueblo.,discurso_odio,
1018,Q clase personaje mas falso ese vocero.,discurso_odio,
1019,Ese tipo vive del cuento oficial.,discurso_odio,
1020,Esa figura publica no tiene credibilidad ninguna.,discurso_odio,
1021,Ese dirigente es un descarado profesional.,discurso_odio,
1022,Ese politico es puro teatro.,discurso_odio,
1023,Q cara mas dura la de ese vocero.,discurso_odio,
1024,Ese tipo habla y da mas rabia q otra cosa.,discurso_odio,
1025,Esa figura publica es puro humo.,discurso_odio,
1026,Ese dirigente no resuelve nada.,discurso_odio,
1027,Ese politico vive de mentir.,discurso_odio,
1028,Q clase mentiroso ese vocero.,discurso_odio,
1029,Ese tipo no representa a nadie.,discurso_odio,
1030,Esa figura publica es una burla.,discurso_odio,
1031,Ese dirigente es incompetente total.,discurso_odio,
1032,Ese politico es tremendo abuso.,discurso_odio,
1033,Q descaro ese vocero hablando de victorias.,discurso_odio,
1034,Ese tipo vive del poder.,discurso_odio,
1035,Esa figura publica no tiene etica.,discurso_odio,
1036,Ese dirigente es pura propaganda.,discurso_odio,
1037,Ese politico no sirve pa gobernar.,discurso_odio,
1038,Q personaje mas falso ese vocero.,discurso_odio,
1039,Ese tipo es tremendo manipulador.,discurso_odio,
1040,Esa figura publica engaña a nadie ya.,discurso_odio,
1041,Ese dirigente es parte del desastre.,discurso_odio,
1042,Ese politico no tiene verguenza.,discurso_odio,
1043,Q clase descarado ese vocero.,discurso_odio,
1044,Ese tipo vive en privilegios.,discurso_odio,
1045,Esa figura publica no conoce la calle.,discurso_odio,
1046,Ese dirigente es puro cuento.,discurso_odio,
1047,Ese politico no tiene moral.,discurso_odio,
1048,Q mentiroso ese vocero.,discurso_odio,
1049,Ese tipo no resuelve nada.,discurso_odio,
1050,Esa figura publica es un fraude.,discurso_odio,
1051,Ese dirigente no tiene idea de nada.,discurso_odio,
1052,Ese politico es tremendo descaro.,discurso_odio,
1053,Q cara dura ese vocero.,discurso_odio,
1054,Ese tipo vive del sistema.,discurso_odio,
1055,Esa figura publica no tiene respeto.,discurso_odio,
1056,Ese dirigente es un problema.,discurso_odio,
1057,Ese politico no sirve pa el pueblo.,discurso_odio,
1058,Q falso ese vocero.,discurso_odio,
1059,Ese tipo es puro teatro.,discurso_odio,
1060,Esa figura publica no tiene credibilidad.,discurso_odio,
1061,Ese dirigente es tremendo abuso.,discurso_odio,
1062,Ese politico no resuelve nada.,discurso_odio,
1063,Q descarado ese vocero.,discurso_odio,
1064,Ese tipo vive desconectado.,discurso_odio,
1065,Esa figura publica no sirve.,discurso_odio,
1066,Ese dirigente es incompetente.,discurso_odio,
1067,Ese politico es puro cuento.,discurso_odio,
1068,Q mentiroso ese vocero.,discurso_odio,
1069,Ese tipo no tiene moral.,discurso_odio,
1070,Esa figura publica es un desastre.,discurso_odio,
1071,Ese dirigente no tiene etica.,discurso_odio,
1072,Ese politico es un fraude.,discurso_odio,
1073,Q cara dura ese vocero.,discurso_odio,
1074,Ese tipo vive del poder.,discurso_odio,
1075,Esa figura publica no representa.,discurso_odio,
1076,Ese dirigente es puro humo.,discurso_odio,
1077,Ese politico no sirve.,discurso_odio,
1078,Q falso ese vocero.,discurso_odio,
1079,Ese tipo es manipulador.,discurso_odio,
1080,Esa figura publica no tiene respeto.,discurso_odio,
1081,Ese dirigente es un problema.,discurso_odio,
1082,Ese politico no resuelve.,discurso_odio,
1083,Q descarado ese vocero.,discurso_odio,
1084,Ese tipo vive en privilegios.,discurso_odio,
1085,Esa figura publica no conoce la realidad.,discurso_odio,
1086,Ese dirigente es pura mentira.,discurso_odio,
1087,Ese politico no tiene verguenza.,discurso_odio,
1088,Q mentiroso ese vocero.,discurso_odio,
1089,Ese tipo no sirve pa nada.,discurso_odio,
1090,Esa figura publica es un fraude total.,discurso_odio,
1091,Ese dirigente no tiene credibilidad.,discurso_odio,
1092,Ese politico es puro teatro.,discurso_odio,
1093,Q descarado ese vocero.,discurso_odio,
1094,Ese tipo vive del sistema.,discurso_odio,
1095,Esa figura publica no representa al pueblo.,discurso_odio,
1096,Ese dirigente es incompetente total.,discurso_odio,
1097,Ese politico no sirve pa nada.,discurso_odio,
1098,Q falso ese vocero.,discurso_odio,
1099,Ese tipo es puro cuento.,discurso_odio,
1100,Esa figura publica no tiene valor.,discurso_odio,
1101,Los gusanos esos critican desde afuera pero no saben lo q es vivir aqui.,discurso_odio,
1102,Esos privilegiados viven como reyes mientras el pueblo en apagón.,discurso_odio,
1103,Los nietos de Fidel viviendo sabroso y el pueblo sin corriente.,discurso_odio,
1104,Familiares de Díaz Canel con de todo y la gente sin comida.,discurso_odio,
1105,"ETECSA exprimiendo al cubano con precios abusivos, descarados.",discurso_odio,
1106,El sistema electrico hecho mierda y ellos viviendo con planta.,discurso_odio,
1107,Transporte muerto y los privilegiados con carros modernos.,discurso_odio,
1108,La salud cayéndose y los de arriba atendidos como reyes.,discurso_odio,
1109,La economia en ruina y los hijos de dirigentes viajando.,discurso_odio,
1110,Gusanos hablando mierda desde Miami como si resolvieran algo.,discurso_odio,
1111,Privilegiados con gasolina mientras el pueblo a pie.,discurso_odio,
1112,Nietos de Raul viviendo lujo mientras el pais en miseria.,discurso_odio,
1113,Familiares del poder con internet full y el resto con ETECSA robando.,discurso_odio,
1114,ETECSA es tremenda estafa organizada.,discurso_odio,
1115,Apagones diarios y ellos con corriente garantizada.,discurso_odio,
1116,Transporte inexistente y los de arriba con chofer.,discurso_odio,
1117,Hospitales sin recursos y los privilegiados en clinicas aparte.,discurso_odio,
1118,Economia destruida mientras unos pocos se llenan.,discurso_odio,
1119,Gusanos criticando todo pero sin pasar hambre aqui.,discurso_odio,
1120,Privilegiados desconectados de la realidad del cubano.,discurso_odio,
1121,Nietos de dirigentes viajando mientras el pueblo en cola.,discurso_odio,
1122,Familiares del poder viviendo del sistema q dicen defender.,discurso_odio,
1123,ETECSA cobrando caro pa dar un servicio de mierda.,discurso_odio,
1124,Sistema electrico colapsado y nadie responde.,discurso_odio,
1125,Transporte en ruina total.,discurso_odio,
1126,Salud publica hecha leña.,discurso_odio,
1127,Economia sin rumbo ni soluciones.,discurso_odio,
1128,Gusanos burlándose del q se queda.,discurso_odio,
1129,Privilegiados con todo resuelto.,discurso_odio,
1130,Nietos de Fidel viviendo mejor q nadie.,discurso_odio,
1131,Familiares del poder con privilegios evidentes.,discurso_odio,
1132,ETECSA drenando el bolsillo del cubano.,discurso_odio,
1133,Apagones eternos sin solucion.,discurso_odio,
1134,Transporte inexistente en todo el pais.,discurso_odio,
1135,Hospitales sin medicinas.,discurso_odio,
1136,Economia en caida libre.,discurso_odio,
1137,Gusanos criticando desde lejos.,discurso_odio,
1138,Privilegiados sin preocupaciones.,discurso_odio,
1139,Nietos de Raul sin conocer la miseria.,discurso_odio,
1140,Familiares de dirigentes viviendo lujo.,discurso_odio,
1141,ETECSA abusando con tarifas.,discurso_odio,
1142,Sistema electrico fallando siempre.,discurso_odio,
1143,Transporte colapsado.,discurso_odio,
1144,Salud en crisis total.,discurso_odio,
1145,Economia sin control.,discurso_odio,
1146,Gusanos metiendo leña.,discurso_odio,
1147,Privilegiados en su burbuja.,discurso_odio,
1148,Nietos del poder viviendo sin problemas.,discurso_odio,
1149,Familiares con privilegios absurdos.,discurso_odio,
1150,ETECSA robando con descaro.,discurso_odio,
1151,Apagones q no paran.,discurso_odio,
1152,Transporte destruido.,discurso_odio,
1153,Salud sin recursos.,discurso_odio,
1154,Economia en desastre.,discurso_odio,
1155,Gusanos hablando sin saber.,discurso_odio,
1156,Privilegiados viviendo bien.,discurso_odio,
1157,Nietos de dirigentes con todo garantizado.,discurso_odio,
1158,Familiares del poder sin necesidades.,discurso_odio,
1159,ETECSA servicio malo y caro.,discurso_odio,
1160,Sistema electrico sin estabilidad.,discurso_odio,
1161,Transporte muerto.,discurso_odio,
1162,Salud deteriorada.,discurso_odio,
1163,Economia rota.,discurso_odio,
1164,Gusanos criticando desde afuera.,discurso_odio,
1165,Privilegiados ignorando al pueblo.,discurso_odio,
1166,Nietos de Fidel viviendo lujo.,discurso_odio,
1167,Familiares del poder en privilegios.,discurso_odio,
1168,ETECSA sin respeto.,discurso_odio,
1169,Apagones constantes.,discurso_odio,
1170,Transporte inexistente.,discurso_odio,
1171,Salud colapsada.,discurso_odio,
1172,Economia en ruina.,discurso_odio,
1173,Gusanos atacando desde lejos.,discurso_odio,
1174,Privilegiados desconectados.,discurso_odio,
1175,Nietos del poder sin problemas.,discurso_odio,
1176,Familiares con vida facil.,discurso_odio,
1177,ETECSA abusiva.,discurso_odio,
1178,Sistema electrico inestable.,discurso_odio,
1179,Transporte sin solucion.,discurso_odio,
1180,Salud sin calidad.,discurso_odio,
1181,Economia sin futuro.,discurso_odio,
1182,Gusanos criticando todo.,discurso_odio,
1183,Privilegiados sin carencias.,discurso_odio,
1184,Nietos de Raul viviendo bien.,discurso_odio,
1185,Familiares del poder con ventajas.,discurso_odio,
1186,ETECSA explotando al pueblo.,discurso_odio,
1187,Apagones sin fin.,discurso_odio,
1188,Transporte colapsado total.,discurso_odio,
1189,Salud en decadencia.,discurso_odio,
1190,Economia destruida.,discurso_odio,
1191,Gusanos metiendo odio.,discurso_odio,
1192,Privilegiados ajenos a la realidad.,discurso_odio,
1193,Nietos del sistema viviendo lujo.,discurso_odio,
1194,Familiares con privilegios claros.,discurso_odio,
1195,ETECSA mala y cara.,discurso_odio,
1196,Sistema electrico fallando diario.,discurso_odio,
1197,Transporte en crisis.,discurso_odio,
1198,Salud sin medicinas.,discurso_odio,
1199,Economia en crisis.,discurso_odio,
1200,Gusanos criticando sin vivirlo.,discurso_odio,
1201,Privilegiados viviendo mejor.,discurso_odio,
1202,Nietos del poder con todo.,discurso_odio,
1203,Familiares con beneficios.,discurso_odio,
1204,ETECSA abusando siempre.,discurso_odio,
1205,Apagones constantes.,discurso_odio,
1206,Transporte roto.,discurso_odio,
1207,Salud deteriorada.,discurso_odio,
1208,Economia sin rumbo.,discurso_odio,
1209,Gusanos opinando desde fuera.,discurso_odio,
1210,Privilegiados ignorando problemas.,discurso_odio,
1211,Nietos de dirigentes sin carencias.,discurso_odio,
1212,Familiares viviendo bien.,discurso_odio,
1213,ETECSA sin calidad.,discurso_odio,
1214,Sistema electrico colapsado.,discurso_odio,
1215,Transporte inexistente.,discurso_odio,
1216,Salud en crisis.,discurso_odio,
1217,Economia en desastre.,discurso_odio,
1218,Gusanos criticando todo.,discurso_odio,
1219,Privilegiados en lujo.,discurso_odio,
1220,Nietos del poder con privilegios.,discurso_odio,
1221,Familiares con ventajas.,discurso_odio,
1222,ETECSA estafando.,discurso_odio,
1223,Apagones sin solucion.,discurso_odio,
1224,Transporte muerto.,discurso_odio,
1225,Salud sin recursos.,discurso_odio,
1226,Economia rota.,discurso_odio,
1227,Gusanos hablando mierda.,discurso_odio,
1228,Privilegiados desconectados.,discurso_odio,
1229,Nietos de Fidel viviendo mejor.,discurso_odio,
1230,Familiares con vida facil.,discurso_odio,
1231,ETECSA cara y mala.,discurso_odio,
1232,Sistema electrico fallando.,discurso_odio,
1233,Transporte en ruina.,discurso_odio,
1234,Salud colapsada.,discurso_odio,
1235,Economia destruida.,discurso_odio,
1236,Gusanos criticando desde afuera.,discurso_odio,
1237,Privilegiados sin preocupaciones.,discurso_odio,
1238,Nietos del sistema viviendo lujo.,discurso_odio,
1239,Familiares con privilegios.,discurso_odio,
1240,ETECSA abusiva.,discurso_odio,
1241,Apagones constantes.,discurso_odio,
1242,Transporte inexistente.,discurso_odio,
1243,Salud en crisis.,discurso_odio,
1244,Economia en ruina.,discurso_odio,
1245,Gusanos criticando todo.,discurso_odio,
1246,Privilegiados ignorando realidad.,discurso_odio,
1247,Nietos de Raul viviendo bien.,discurso_odio,
1248,Familiares con ventajas.,discurso_odio,
1249,ETECSA explotando.,discurso_odio,
1250,Sistema electrico inestable.,discurso_odio,
1251,Transporte colapsado.,discurso_odio,
1252,Salud deteriorada.,discurso_odio,
1253,Economia sin futuro.,discurso_odio,
1254,Gusanos opinando.,discurso_odio,
1255,Privilegiados en burbuja.,discurso_odio,
1256,Nietos del poder con todo.,discurso_odio,
1257,Familiares viviendo lujo.,discurso_odio,
1258,ETECSA robando.,discurso_odio,
1259,Apagones diarios.,discurso_odio,
1260,Transporte muerto.,discurso_odio,
1261,Salud en decadencia.,discurso_odio,
1262,Economia en crisis.,discurso_odio,
1263,Gusanos atacando.,discurso_odio,
1264,Privilegiados desconectados.,discurso_odio,
1265,Nietos con privilegios.,discurso_odio,
1266,Familiares con beneficios.,discurso_odio,
1267,ETECSA mala.,discurso_odio,
1268,Sistema electrico colapsado.,discurso_odio,
1269,Transporte inexistente.,discurso_odio,
1270,Salud sin calidad.,discurso_odio,
1271,Economia rota.,discurso_odio,
1272,Gusanos criticando.,discurso_odio,
1273,Privilegiados viviendo mejor.,discurso_odio,
1274,Nietos sin problemas.,discurso_odio,
1275,Familiares con ventajas.,discurso_odio,
1276,ETECSA abusiva.,discurso_odio,
1277,Apagones eternos.,discurso_odio,
1278,Transporte en ruina.,discurso_odio,
1279,Salud colapsada.,discurso_odio,
1280,Economia destruida.,discurso_odio,
1281,Gusanos hablando.,discurso_odio,
1282,Privilegiados en lujo.,discurso_odio,
1283,Nietos del poder viviendo bien.,discurso_odio,
1284,Familiares con privilegios.,discurso_odio,
1285,ETECSA cara.,discurso_odio,
1286,Sistema electrico fallando.,discurso_odio,
1287,Transporte muerto.,discurso_odio,
1288,Salud deteriorada.,discurso_odio,
1289,Economia en desastre.,discurso_odio,
1290,Gusanos criticando desde fuera.,discurso_odio,
1291,Privilegiados desconectados.,discurso_odio,
1292,Nietos viviendo lujo.,discurso_odio,
1293,Familiares con ventajas.,discurso_odio,
1294,ETECSA robando.,discurso_odio,
1295,Apagones constantes.,discurso_odio,
1296,Transporte inexistente.,discurso_odio,
1297,Salud en crisis.,discurso_odio,
1298,Economia rota.,discurso_odio,
1299,Gusanos opinando.,discurso_odio,
1300,Privilegiados viviendo mejor q el pueblo.,discurso_odio,
1301,"Asere en la Habana hay de to y en el interior ni luz ni comida, despues dicen q no hay regionalismo, tremendo descaro.",discurso_odio,
1302,"La juventud ta perdia entre irse o robar al estado pq trabajar no alcanza, y los de arriba ni enterados.",discurso_odio,
1303,"Comunistas metiendo cuento viejo y opositores gritando en redes, mientras el pueblo sigue igual de jodio.",discurso_odio,
1304,"Las mipimes te clavan precios q ni con remesas alcanzan, despues se hacen los salvadores, q descaro.",discurso_odio,
1305,"El q tiene familia afuera vive mejor, el q no tiene remesas q sobreviva como pueda, esa es la realidad.",discurso_odio,
1306,"Despues critican pero medio mundo resolviendo robando al estado, hipocresia total.",discurso_odio,
1307,Los de la capital viven en otra pelicula y el campo olvidao sin transporte ni na.,discurso_odio,
1308,"Juventud sin rumbo, sin futuro y sin ganas, criada en puro invento y necesidad.",discurso_odio,
1309,"Comunismo q no cambia y oposicion q no une, al final ninguno resuelve nada.",discurso_odio,
1310,Mipimes subiendo precios cada semana y echandole la culpa a todo menos a ellos mismos.,discurso_odio,
1311,"Remesas creando dos Cubas, una q come y otra q mira.",discurso_odio,
1312,"Robar al estado ya ni da pena, se volvio ley de supervivencia.",discurso_odio,
1313,"Asere el regionalismo se ve clarito, Habana arreglao y el resto echo leña.",discurso_odio,
1314,"La juventud lo unico q piensa es en pirarse, pq aqui no hay na q buscar.",discurso_odio,
1315,"Comunistas hablando de resistencia y opositores de cambio, pero el pueblo sin luz ni comida.",discurso_odio,
1316,"Mipimes llenas pero con precios imposibles, negocio pa pocos.",discurso_odio,
1317,El q no recibe remesas vive en modo sobrevivencia total.,discurso_odio,
1318,Despues dicen q no roban pero todo el mundo cogiendo algo del estado.,discurso_odio,
1319,"Campo abandonao, sin corriente ni transporte, pero en la Habana fiesta.",discurso_odio,
1320,"Juventud perdida entre colas, apagones y frustracion.",discurso_odio,
1321,Comunismo sin resultados y oposicion sin poder real.,discurso_odio,
1322,Mipimes aprovechando la escases pa hacerse ricos rapido.,discurso_odio,
1323,Remesas mandando mas q el salario.,discurso_odio,
1324,"Robar al estado visto como normal, q triste todo.",discurso_odio,
1325,"Regionalismo fuerte, unos con privilegios y otros sin na.",discurso_odio,
1326,Juventud cansada de promesas vacias.,discurso_odio,
1327,Comunistas repitiendo historia y opositores peleando entre ellos.,discurso_odio,
1328,Mipimes abusando del bolsillo del cubano.,discurso_odio,
1329,Remesas marcando quien vive y quien no.,discurso_odio,
1330,Robos al estado justificados por necesidad.,discurso_odio,
1331,La Habana bonita y el interior olvidao total.,discurso_odio,
1332,"Juventud sin metas claras, solo escapar.",discurso_odio,
1333,Comunismo estancao y oposicion sin rumbo fijo.,discurso_odio,
1334,Mipimes sin control subiendo precios a lo loco.,discurso_odio,
1335,Remesas creando desigualdad brutal.,discurso_odio,
1336,Robar al estado ya es rutina diaria.,discurso_odio,
1337,Regionalismo q se siente en cada provincia.,discurso_odio,
1338,Juventud sin esperanza real.,discurso_odio,
1339,Comunismo sin soluciones concretas.,discurso_odio,
1340,Opositores sin unidad ni estrategia.,discurso_odio,
1341,Mipimes lucrando con el hambre.,discurso_odio,
1342,Remesas sosteniendo media isla.,discurso_odio,
1343,Robos normalizados en todos lados.,discurso_odio,
1344,"Capital privilegiada, campo olvidado.",discurso_odio,
1345,Juventud frustrada y sin oportunidades.,discurso_odio,
1346,Comunismo agotado y sin cambios.,discurso_odio,
1347,Oposicion dividida sin fuerza.,discurso_odio,
1348,Mipimes abusivas con precios ridiculos.,discurso_odio,
1349,Remesas creando brecha social.,discurso_odio,
1350,Robar al estado sin consecuencias.,discurso_odio,
1351,Interior sin recursos mientras la Habana resuelve.,discurso_odio,
1352,Juventud sin fe en nada.,discurso_odio,
1353,Comunismo repitiendo discursos viejos.,discurso_odio,
1354,Opositores criticando pero sin soluciones.,discurso_odio,
1355,Mipimes explotando al consumidor.,discurso_odio,
1356,Remesas salvando unos pocos.,discurso_odio,
1357,Robos al estado vistos como normal.,discurso_odio,
1358,Regionalismo evidente en todo.,discurso_odio,
1359,Juventud sin rumbo fijo.,discurso_odio,
1360,Comunismo viejo sin renovacion.,discurso_odio,
1361,Oposicion sin liderazgo claro.,discurso_odio,
1362,Mipimes caras sin control.,discurso_odio,
1363,Remesas mandando mas q todo.,discurso_odio,
1364,Robar al estado parte de la vida diaria.,discurso_odio,
1365,Campo olvidao siempre.,discurso_odio,
1366,Juventud pensando solo en irse.,discurso_odio,
1367,Comunismo sin avances.,discurso_odio,
1368,Oposicion fragmentada.,discurso_odio,
1369,Mipimes subiendo precios sin limite.,discurso_odio,
1370,Remesas marcando diferencias.,discurso_odio,
1371,Robos cotidianos al estado.,discurso_odio,
1372,Regionalismo marcado.,discurso_odio,
1373,Juventud perdida total.,discurso_odio,
1374,Comunismo sin futuro claro.,discurso_odio,
1375,Oposicion sin impacto real.,discurso_odio,
1376,Mipimes abusando del mercado.,discurso_odio,
1377,Remesas creando otra realidad.,discurso_odio,
1378,Robar al estado normalizado.,discurso_odio,
1379,Interior abandonado.,discurso_odio,
1380,Juventud sin salida.,discurso_odio,
1381,Comunismo repetitivo.,discurso_odio,
1382,Opositores sin rumbo.,discurso_odio,
1383,Mipimes con precios imposibles.,discurso_odio,
1384,Remesas manteniendo familias.,discurso_odio,
1385,Robos justificados.,discurso_odio,
1386,Capital con privilegios claros.,discurso_odio,
1387,Juventud sin oportunidades reales.,discurso_odio,
1388,Comunismo sin solucion.,discurso_odio,
1389,Oposicion criticando todo.,discurso_odio,
1390,Mipimes abusivas.,discurso_odio,
1391,Remesas creando desigualdad fuerte.,discurso_odio,
1392,Robar al estado habitual.,discurso_odio,
1393,Regionalismo fuerte entre provincias.,discurso_odio,
1394,Juventud cansada.,discurso_odio,
1395,Comunismo sin rumbo.,discurso_odio,
1396,Oposicion sin propuestas.,discurso_odio,
1397,Mipimes aprovechandose del sistema.,discurso_odio,
1398,Remesas marcando la diferencia.,discurso_odio,
1399,Robos normalizados en la sociedad.,discurso_odio,
1400,"El cubano entre sobrevivir, robar o irse, esa es la triste realidad.",discurso_odio,
1401,Le robaron el telefono en la guagua sin q se diera cuenta.,hecho_delictivo,
1402,A un vecino le entraron a la casa y se llevaron todo.,hecho_delictivo,
1403,En la cola del pollo le tumbaron la cartera.,hecho_delictivo,
1404,Se metieron en la bodega y sacaron sacos de arroz.,hecho_delictivo,
1405,Un tipo vendiendo gasolina robada por la izquierda.,hecho_delictivo,
1406,En el hospital se estan perdiendo medicinas.,hecho_delictivo,
1407,Le abrieron el bolso en la guagua y le quitaron todo.,hecho_delictivo,
1408,En el almacen del estado estan desviando productos.,hecho_delictivo,
1409,Le quitaron el movil en plena calle y salieron corriendo.,hecho_delictivo,
1410,En el trabajo se roban materiales constantemente.,hecho_delictivo,
1411,A un chamaco le quitaron la bicicleta saliendo de la escuela.,hecho_delictivo,
1412,En la tienda faltan productos pq los empleados los guardan.,hecho_delictivo,
1413,Le tumbaron el dinero en la cola sin darse cuenta.,hecho_delictivo,
1414,Se estan robando la corriente con conexiones ilegales.,hecho_delictivo,
1415,Un vecino vende pan q saca de la panaderia por la izquierda.,hecho_delictivo,
1416,Le abrieron la mochila en el transporte lleno.,hecho_delictivo,
1417,En la farmacia desaparecen medicamentos a cada rato.,hecho_delictivo,
1418,Estan sacando combustible del trabajo pa venderlo.,hecho_delictivo,
1419,Le quitaron la cadena en la calle a plena luz del dia.,hecho_delictivo,
1420,En el mercado faltan cosas pq las desvían pa afuera.,hecho_delictivo,
1421,Le robaron el celular en una fiesta sin darse cuenta.,hecho_delictivo,
1422,Se metieron en una casa vacia y robaron electrodomesticos.,hecho_delictivo,
1423,En el trabajo se pierden piezas todos los dias.,hecho_delictivo,
1424,Un tipo vendiendo leche robada por el barrio.,hecho_delictivo,
1425,Le sacaron el dinero del bolsillo en la guagua.,hecho_delictivo,
1426,En el hospital desaparecen equipos pequeños.,hecho_delictivo,
1427,Se estan llevando comida del comedor pa revender.,hecho_delictivo,
1428,Le quitaron el reloj en la calle y nadie vio nada.,hecho_delictivo,
1429,En la tienda guardan productos pa venderlos por fuera.,hecho_delictivo,
1430,Le robaron la cartera en el mercado lleno.,hecho_delictivo,
1431,Se metieron en una casa de madrugada y cargaron con todo.,hecho_delictivo,
1432,En el trabajo faltan materiales y nadie dice nada.,hecho_delictivo,
1433,Estan vendiendo carne robada en el barrio.,hecho_delictivo,
1434,Le quitaron el bolso saliendo del trabajo.,hecho_delictivo,
1435,En la bodega se pierde comida cada semana.,hecho_delictivo,
1436,Le abrieron la mochila sin darse cuenta.,hecho_delictivo,
1437,En el hospital se llevan insumos pa la calle.,hecho_delictivo,
1438,Se roban combustible del estado pa venderlo.,hecho_delictivo,
1439,Le quitaron el telefono caminando por la esquina.,hecho_delictivo,
1440,En la tienda faltan productos y nadie responde.,hecho_delictivo,
1441,Le robaron en la casa mientras estaba de viaje.,hecho_delictivo,
1442,En el trabajo desaparecen cosas pequeñas.,hecho_delictivo,
1443,Estan vendiendo productos robados por redes.,hecho_delictivo,
1444,Le quitaron el dinero saliendo del banco.,hecho_delictivo,
1445,En la farmacia faltan medicamentos basicos.,hecho_delictivo,
1446,Se roban comida del estado todos los dias.,hecho_delictivo,
1447,Le quitaron el celular en la parada.,hecho_delictivo,
1448,En el mercado faltan productos esenciales.,hecho_delictivo,
1449,Le robaron la bicicleta amarrada afuera.,hecho_delictivo,
1450,Se metieron en la casa y dejaron todo vacio.,hecho_delictivo,
1451,En la guagua le abrieron el bolso a una señora.,hecho_delictivo,
1452,Estan revendiendo pollo q sacan del almacen.,hecho_delictivo,
1453,Le quitaron los audifonos en la calle.,hecho_delictivo,
1454,En el trabajo venden piezas por la izquierda.,hecho_delictivo,
1455,Le robaron la mochila en una fiesta.,hecho_delictivo,
1456,Se metieron en una casa y cargaron con ventiladores.,hecho_delictivo,
1457,En la tienda los dependientes esconden productos.,hecho_delictivo,
1458,Le sacaron el dinero del bolso sin darse cuenta.,hecho_delictivo,
1459,En el hospital faltan guantes y materiales.,hecho_delictivo,
1460,Se roban gasolina de carros estatales.,hecho_delictivo,
1461,Le quitaron el movil en el barrio.,hecho_delictivo,
1462,En la bodega desaparece parte de la cuota.,hecho_delictivo,
1463,Le robaron el bolso en la guagua llena.,hecho_delictivo,
1464,Estan vendiendo arroz robado por fuera.,hecho_delictivo,
1465,Le quitaron la cadena en una esquina oscura.,hecho_delictivo,
1466,En el trabajo faltan herramientas.,hecho_delictivo,
1467,Le robaron el celular mientras hablaba.,hecho_delictivo,
1468,Se metieron en una casa sin rejas.,hecho_delictivo,
1469,En la farmacia desaparecen cajas completas.,hecho_delictivo,
1470,Se roban comida del comedor escolar.,hecho_delictivo,
1471,Le quitaron el dinero en la calle.,hecho_delictivo,
1472,En el mercado faltan productos básicos.,hecho_delictivo,
1473,Le robaron la bici del portal.,hecho_delictivo,
1474,Se metieron en una casa y rompieron la puerta.,hecho_delictivo,
1475,En el trabajo venden materiales robados.,hecho_delictivo,
1476,Le quitaron el celular sin darse cuenta.,hecho_delictivo,
1477,En la tienda faltan cosas siempre.,hecho_delictivo,
1478,Se roban combustible del trabajo.,hecho_delictivo,
1479,Le robaron el bolso en la parada.,hecho_delictivo,
1480,En la bodega se pierde el aceite.,hecho_delictivo,
1481,Le quitaron el reloj en la calle.,hecho_delictivo,
1482,En el hospital faltan medicinas.,hecho_delictivo,
1483,Se roban productos del almacen.,hecho_delictivo,
1484,Le quitaron el dinero en la cola.,hecho_delictivo,
1485,En la tienda esconden productos.,hecho_delictivo,
1486,Le robaron el telefono en la guagua.,hecho_delictivo,
1487,Se metieron en una casa de noche.,hecho_delictivo,
1488,En el trabajo faltan piezas.,hecho_delictivo,
1489,Le quitaron la mochila.,hecho_delictivo,
1490,En la farmacia desaparecen medicinas.,hecho_delictivo,
1491,Se roban comida del estado.,hecho_delictivo,
1492,Le quitaron el celular en la calle.,hecho_delictivo,
1493,En el mercado faltan productos.,hecho_delictivo,
1494,Le robaron la bicicleta.,hecho_delictivo,
1495,Se metieron en la casa.,hecho_delictivo,
1496,En el trabajo desaparecen cosas.,hecho_delictivo,
1497,Le quitaron el dinero.,hecho_delictivo,
1498,En la tienda faltan cosas.,hecho_delictivo,
1499,Se roban combustible.,hecho_delictivo,
1500,Le quitaron el telefono.,hecho_delictivo,
1501,Le abrieron el bolso en la guagua y ni se entero.,hecho_delictivo,
1502,Se metieron en la casa del vecino y cargaron con el televisor.,hecho_delictivo,
1503,En la cola del pan le tumbaron el monedero a una señora.,hecho_delictivo,
1504,Un socio vendiendo gasolina robada del trabajo.,hecho_delictivo,
1505,En el hospital faltan medicamentos pq alguien los saca.,hecho_delictivo,
1506,Le quitaron el movil saliendo de la parada.,hecho_delictivo,
1507,En la tienda esconden productos pa venderlos por fuera.,hecho_delictivo,
1508,Se roban el pollo del almacen y despues aparece en la calle.,hecho_delictivo,
1509,Le sacaron el dinero del bolsillo en el tumulto.,hecho_delictivo,
1510,En el trabajo se pierden herramientas todos los dias.,hecho_delictivo,
1511,Le robaron la bicicleta q tenia amarrada afuera.,hecho_delictivo,
1512,Se metieron en una casa vacia y arrasaron con todo.,hecho_delictivo,
1513,En la farmacia faltan pastillas basicas.,hecho_delictivo,
1514,Estan desviando combustible pa venderlo por la izquierda.,hecho_delictivo,
1515,Le quitaron la cadena caminando por el barrio.,hecho_delictivo,
1516,En la bodega desaparece parte de la cuota cada mes.,hecho_delictivo,
1517,Le abrieron la mochila en la guagua llena.,hecho_delictivo,
1518,En el hospital se llevan insumos pa afuera.,hecho_delictivo,
1519,Se roban sacos de arroz del almacen estatal.,hecho_delictivo,
1520,Le quitaron el celular en una esquina oscura.,hecho_delictivo,
1521,En la tienda faltan productos sin explicacion.,hecho_delictivo,
1522,Le robaron la cartera en el mercado lleno.,hecho_delictivo,
1523,Se metieron en una casa de madrugada y rompieron la puerta.,hecho_delictivo,
1524,En el trabajo venden materiales por la izquierda.,hecho_delictivo,
1525,Le sacaron el dinero sin darse cuenta en la cola.,hecho_delictivo,
1526,En la farmacia desaparecen cajas completas.,hecho_delictivo,
1527,Se llevan comida del comedor pa revenderla.,hecho_delictivo,
1528,Le quitaron el reloj en plena calle.,hecho_delictivo,
1529,En el mercado faltan productos pq los desvían.,hecho_delictivo,
1530,Le robaron el telefono en una fiesta.,hecho_delictivo,
1531,Se metieron en una casa y cargaron con ventiladores.,hecho_delictivo,
1532,En el trabajo faltan piezas importantes.,hecho_delictivo,
1533,Estan vendiendo carne robada por el barrio.,hecho_delictivo,
1534,Le quitaron el bolso saliendo del trabajo.,hecho_delictivo,
1535,En la bodega se pierde aceite constantemente.,hecho_delictivo,
1536,Le abrieron la mochila sin q se diera cuenta.,hecho_delictivo,
1537,En el hospital faltan guantes y materiales.,hecho_delictivo,
1538,Se roban gasolina de carros estatales.,hecho_delictivo,
1539,Le quitaron el telefono caminando por la calle.,hecho_delictivo,
1540,En la tienda faltan productos y nadie da explicacion.,hecho_delictivo,
1541,Le robaron en la casa mientras estaba fuera.,hecho_delictivo,
1542,En el trabajo desaparecen herramientas pequeñas.,hecho_delictivo,
1543,Estan revendiendo productos robados en redes.,hecho_delictivo,
1544,Le quitaron el dinero saliendo del banco.,hecho_delictivo,
1545,En la farmacia faltan medicamentos esenciales.,hecho_delictivo,
1546,Se roban comida del estado todos los dias.,hecho_delictivo,
1547,Le quitaron el celular en la parada llena.,hecho_delictivo,
1548,En el mercado faltan cosas basicas.,hecho_delictivo,
1549,Le robaron la bicicleta del portal.,hecho_delictivo,
1550,Se metieron en la casa y dejaron todo vacio.,hecho_delictivo,
1551,En la guagua le abrieron el bolso a una muchacha.,hecho_delictivo,
1552,Estan vendiendo pollo robado del almacen.,hecho_delictivo,
1553,Le quitaron los audifonos en la calle.,hecho_delictivo,
1554,En el trabajo venden piezas por fuera.,hecho_delictivo,
1555,Le robaron la mochila en una actividad.,hecho_delictivo,
1556,Se metieron en una casa y cargaron con equipos.,hecho_delictivo,
1557,En la tienda los dependientes esconden mercancía.,hecho_delictivo,
1558,Le sacaron el dinero del bolso en la guagua.,hecho_delictivo,
1559,En el hospital faltan recursos basicos.,hecho_delictivo,
1560,Se roban combustible del estado pa venderlo.,hecho_delictivo,
1561,Le quitaron el movil en el barrio.,hecho_delictivo,
1562,En la bodega desaparece el azucar.,hecho_delictivo,
1563,Le robaron el bolso en la parada.,hecho_delictivo,
1564,Estan vendiendo arroz robado por fuera.,hecho_delictivo,
1565,Le quitaron la cadena en una esquina.,hecho_delictivo,
1566,En el trabajo faltan herramientas importantes.,hecho_delictivo,
1567,Le robaron el celular mientras caminaba.,hecho_delictivo,
1568,Se metieron en una casa sin proteccion.,hecho_delictivo,
1569,En la farmacia desaparecen medicinas completas.,hecho_delictivo,
1570,Se roban comida del comedor escolar.,hecho_delictivo,
1571,Le quitaron el dinero en la calle sin q se diera cuenta.,hecho_delictivo,
1572,En el mercado faltan productos esenciales.,hecho_delictivo,
1573,Le robaron la bici del patio.,hecho_delictivo,
1574,Se metieron en una casa y rompieron la reja.,hecho_delictivo,
1575,En el trabajo venden materiales robados.,hecho_delictivo,
1576,Le quitaron el celular en el transporte.,hecho_delictivo,
1577,En la tienda faltan cosas constantemente.,hecho_delictivo,
1578,Se roban combustible del trabajo estatal.,hecho_delictivo,
1579,Le robaron el bolso en la guagua.,hecho_delictivo,
1580,En la bodega se pierde el arroz.,hecho_delictivo,
1581,Le quitaron el reloj caminando.,hecho_delictivo,
1582,En el hospital faltan medicinas basicas.,hecho_delictivo,
1583,Se roban productos del almacen estatal.,hecho_delictivo,
1584,Le quitaron el dinero en la cola del mercado.,hecho_delictivo,
1585,En la tienda esconden productos pa revender.,hecho_delictivo,
1586,Le robaron el telefono en la parada.,hecho_delictivo,
1587,Se metieron en una casa en la madrugada.,hecho_delictivo,
1588,En el trabajo faltan piezas constantemente.,hecho_delictivo,
1589,Le quitaron la mochila en la calle.,hecho_delictivo,
1590,En la farmacia desaparecen medicinas sin control.,hecho_delictivo,
1591,Se roban comida del estado sin control.,hecho_delictivo,
1592,Le quitaron el celular en el barrio.,hecho_delictivo,
1593,En el mercado faltan productos importantes.,hecho_delictivo,
1594,Le robaron la bicicleta amarrada.,hecho_delictivo,
1595,Se metieron en la casa y se llevaron equipos.,hecho_delictivo,
1596,En el trabajo desaparecen cosas utiles.,hecho_delictivo,
1597,Le quitaron el dinero caminando.,hecho_delictivo,
1598,En la tienda faltan productos basicos.,hecho_delictivo,
1599,Se roban combustible constantemente.,hecho_delictivo,
1600,Le quitaron el telefono en la calle sin reaccionar.,hecho_delictivo,
1601,En el grupo estaban diciendo q habia gente llamando a caerle a una tienda.,hecho_delictivo,
1602,Dicen q por redes andan organizando gente pa hacer desorden en la calle.,hecho_delictivo,
1603,Se comenta q anoche varios estaban hablando de salir a romper cosas.,hecho_delictivo,
1604,En el barrio corrió el rumor de q iban a meterse en una tienda.,hecho_delictivo,
1605,Habia gente calentando la cabeza pa q otros hicieran locuras.,hecho_delictivo,
1606,En redes vi q algunos estaban promoviendo salir a formar lio.,hecho_delictivo,
1607,Dicen q habia un grupo planificando hacer destrozos.,hecho_delictivo,
1608,Escuche q estaban hablando de armar problema en la noche.,hecho_delictivo,
1609,En un chat estaban diciendo q habia q salir a protestar fuerte.,hecho_delictivo,
1610,Se estaba regando un mensaje raro de gente queriendo formar caos.,hecho_delictivo,
1611,En el barrio comentaban q unos cuantos querian armar desorden.,hecho_delictivo,
1612,Habia comentarios incitando a hacer cosas ilegales en la calle.,hecho_delictivo,
1613,Dicen q alguien estaba convocando a reunirse pa hacer lio.,hecho_delictivo,
1614,En redes se veia gente calentando el ambiente.,hecho_delictivo,
1615,Se escucho q estaban organizando algo pa la noche.,hecho_delictivo,
1616,Unos socios estaban hablando de hacer algo grande en la calle.,hecho_delictivo,
1617,Se rego un audio con gente llamando a hacer desorden.,hecho_delictivo,
1618,En un grupo estaban diciendo q habia q salir pa la calle.,hecho_delictivo,
1619,Dicen q varios estaban planeando hacer daño a propiedades.,hecho_delictivo,
1620,Se comenta q alguien estaba empujando a otros a hacer locuras.,hecho_delictivo,
1621,En el barrio habia tension pq decian q iban a formar lio.,hecho_delictivo,
1622,Habia gente hablando de organizarse pa algo ilegal.,hecho_delictivo,
1623,En redes estaban soltando mensajes raros de provocacion.,hecho_delictivo,
1624,Se escucho q estaban armando un grupo pa hacer problemas.,hecho_delictivo,
1625,Dicen q habia planes de hacer desorden en la zona.,hecho_delictivo,
1626,En un chat estaban calentando a la gente.,hecho_delictivo,
1627,Se regaron mensajes incitando a hacer cosas malas.,hecho_delictivo,
1628,Habia comentarios pidiendo salir a la calle a hacer lio.,hecho_delictivo,
1629,Dicen q estaban tratando de convencer a otros pa hacer algo ilegal.,hecho_delictivo,
1630,Se escucho q habia convocatoria pa formar problema.,hecho_delictivo,
1631,En redes habia gente promoviendo desorden.,hecho_delictivo,
1632,Un audio corria diciendo q habia q salir esa noche.,hecho_delictivo,
1633,Dicen q habia un grupo empujando a otros a hacer locuras.,hecho_delictivo,
1634,Se hablaba de organizar gente pa la calle.,hecho_delictivo,
1635,En el barrio se sentia q algo se estaba cocinando.,hecho_delictivo,
1636,Habia gente diciendo q habia q hacer algo fuerte.,hecho_delictivo,
1637,Se regaron comentarios de gente incitando problemas.,hecho_delictivo,
1638,Dicen q estaban planificando hacer disturbios.,hecho_delictivo,
1639,En redes algunos llamaban a salir a la calle.,hecho_delictivo,
1640,Se escucho q habia tension por posibles problemas.,hecho_delictivo,
1641,Unos cuantos estaban diciendo q habia q actuar.,hecho_delictivo,
1642,En un grupo estaban incitando a hacer desorden.,hecho_delictivo,
1643,Se rego informacion de gente queriendo formar caos.,hecho_delictivo,
1644,Dicen q habia convocatoria pa reunirse en la noche.,hecho_delictivo,
1645,Habia comentarios de gente queriendo hacer problemas.,hecho_delictivo,
1646,En el barrio estaban alertas por rumores de lio.,hecho_delictivo,
1647,Se escucho q habia gente llamando a salir.,hecho_delictivo,
1648,En redes se veian mensajes provocadores.,hecho_delictivo,
1649,Dicen q habia intenciones de armar desorden.,hecho_delictivo,
1650,Se hablaba de formar problema en la calle.,hecho_delictivo,
1651,Un tipo vendiendo dolares falsos en la calle.,hecho_delictivo,
1652,En el trabajo estan desviando recursos pa venderlos.,hecho_delictivo,
1653,Le cobraron por un tramite q era gratis.,hecho_delictivo,
1654,Un inspector pidiendo dinero pa no multar.,hecho_delictivo,
1655,Estan revendiendo gasolina por la izquierda.,hecho_delictivo,
1656,Le vendieron un telefono roto como nuevo.,hecho_delictivo,
1657,Un chofer cobrando mas caro a proposito.,hecho_delictivo,
1658,En la farmacia venden medicamentos por fuera.,hecho_delictivo,
1659,Le hicieron una transferencia falsa.,hecho_delictivo,
1660,Un vecino vendiendo carne robada.,hecho_delictivo,
1661,En el hospital piden dinero pa atender rapido.,hecho_delictivo,
1662,Le vendieron comida en mal estado.,hecho_delictivo,
1663,Un funcionario usando recursos del estado pa su negocio.,hecho_delictivo,
1664,Estan falsificando documentos en el trabajo.,hecho_delictivo,
1665,Le cobraron de mas en una tienda.,hecho_delictivo,
1666,Un tipo vendiendo paquetes ilegales de internet.,hecho_delictivo,
1667,En la escuela piden dinero pa aprobar.,hecho_delictivo,
1668,Le hicieron una estafa por redes.,hecho_delictivo,
1669,Un chofer recogiendo pasajeros sin licencia.,hecho_delictivo,
1670,Estan desviando productos del almacen estatal.,hecho_delictivo,
1671,Le vendieron una moto sin papeles.,hecho_delictivo,
1672,Un medico cobrando por fuera.,hecho_delictivo,
1673,En la oficina venden turnos.,hecho_delictivo,
1674,Le vendieron ropa defectuosa como nueva.,hecho_delictivo,
1675,Un inspector aceptando sobornos.,hecho_delictivo,
1676,Estan revendiendo comida a sobreprecio.,hecho_delictivo,
1677,Le vendieron un servicio falso.,hecho_delictivo,
1678,Un tipo engañando con alquileres.,hecho_delictivo,
1679,En el trabajo manipulan inventario.,hecho_delictivo,
1680,Le cobraron por algo q no hicieron.,hecho_delictivo,
1681,Un socio vendiendo productos robados.,hecho_delictivo,
1682,Estan vendiendo gasolina adulterada.,hecho_delictivo,
1683,Le vendieron un celular bloqueado.,hecho_delictivo,
1684,Un funcionario desviando dinero.,hecho_delictivo,
1685,En el hospital desaparecen equipos.,hecho_delictivo,
1686,Le pidieron dinero pa resolver un problema.,hecho_delictivo,
1687,Un tipo vendiendo documentos falsos.,hecho_delictivo,
1688,Estan haciendo fraude con tarjetas.,hecho_delictivo,
1689,Le vendieron comida vencida.,hecho_delictivo,
1690,Un chofer cobrando doble.,hecho_delictivo,
1691,En la tienda esconden productos.,hecho_delictivo,
1692,Le hicieron una estafa con transfermovil.,hecho_delictivo,
1693,Un vecino vendiendo productos ilegales.,hecho_delictivo,
1694,Estan desviando recursos del estado.,hecho_delictivo,
1695,Le vendieron algo defectuoso.,hecho_delictivo,
1696,Un inspector pidiendo dinero.,hecho_delictivo,
1697,En la farmacia faltan medicamentos.,hecho_delictivo,
1698,Le cobraron de mas en un servicio.,hecho_delictivo,
1699,Un tipo vendiendo dinero falso.,hecho_delictivo,
1700,Estan manipulando cuentas en el trabajo.,hecho_delictivo,
1701,Le vendieron piezas malas pa el carro.,hecho_delictivo,
1702,Un medico cobrando consulta por fuera.,hecho_delictivo,
1703,En la escuela venden notas.,hecho_delictivo,
1704,Le hicieron estafa con recarga.,hecho_delictivo,
1705,Un funcionario corrupto desviando fondos.,hecho_delictivo,
1706,Estan revendiendo medicamentos.,hecho_delictivo,
1707,Le vendieron producto robado.,hecho_delictivo,
1708,Un chofer trabajando ilegal.,hecho_delictivo,
1709,En el hospital cobran por servicios.,hecho_delictivo,
1710,Le pidieron dinero pa un tramite.,hecho_delictivo,
1711,Un inspector aceptando pagos ilegales.,hecho_delictivo,
1712,Estan vendiendo gasolina del estado.,hecho_delictivo,
1713,Le vendieron algo falso.,hecho_delictivo,
1714,Un tipo engañando con ventas online.,hecho_delictivo,
1715,En el trabajo inflan gastos.,hecho_delictivo,
1716,Le cobraron sin motivo.,hecho_delictivo,
1717,Un vecino vendiendo cosas ilegales.,hecho_delictivo,
1718,Estan revendiendo productos básicos.,hecho_delictivo,
1719,Le vendieron telefono defectuoso.,hecho_delictivo,
1720,Un medico cobrando por fuera.,hecho_delictivo,
1721,En la oficina venden turnos.,hecho_delictivo,
1722,Le hicieron estafa con transferencia.,hecho_delictivo,
1723,Un tipo documentos falsos.,hecho_delictivo,
1724,Estan manipulando datos.,hecho_delictivo,
1725,Le vendieron comida mala.,hecho_delictivo,
1726,Un chofer ilegal.,hecho_delictivo,
1727,En el hospital piden dinero.,hecho_delictivo,
1728,Le pidieron dinero pa resolver.,hecho_delictivo,
1729,Un inspector corrupto.,hecho_delictivo,
1730,Estan desviando productos.,hecho_delictivo,
1731,Le vendieron algo defectuoso.,hecho_delictivo,
1732,Un tipo engañando clientes.,hecho_delictivo,
1733,En el trabajo hay fraude.,hecho_delictivo,
1734,Le cobraron de mas.,hecho_delictivo,
1735,Un socio vendiendo ilegal.,hecho_delictivo,
1736,Estan revendiendo.,hecho_delictivo,
1737,Le vendieron telefono malo.,hecho_delictivo,
1738,Un medico cobrando.,hecho_delictivo,
1739,En la oficina venden turnos.,hecho_delictivo,
1740,Le hicieron estafa.,hecho_delictivo,
1741,Un tipo documentos falsos.,hecho_delictivo,
1742,Estan manipulando.,hecho_delictivo,
1743,Le vendieron comida mala.,hecho_delictivo,
1744,Un chofer ilegal.,hecho_delictivo,
1745,En el hospital cobran.,hecho_delictivo,
1746,Le pidieron dinero.,hecho_delictivo,
1747,Un inspector corrupto.,hecho_delictivo,
1748,Estan desviando.,hecho_delictivo,
1749,Le vendieron defectuoso.,hecho_delictivo,
1750,Un tipo engañando.,hecho_delictivo,
1751,En el trabajo inflan cuentas.,hecho_delictivo,
1752,Le cobraron servicio falso.,hecho_delictivo,
1753,Un vecino vendiendo ilegal.,hecho_delictivo,
1754,Estan revendiendo gasolina.,hecho_delictivo,
1755,Le vendieron celular malo.,hecho_delictivo,
1756,Un medico cobrando consulta.,hecho_delictivo,
1757,En la oficina venden turnos.,hecho_delictivo,
1758,Le hicieron fraude.,hecho_delictivo,
1759,Un tipo vendiendo documentos.,hecho_delictivo,
1760,Estan manipulando datos.,hecho_delictivo,
1761,Le vendieron comida dañada.,hecho_delictivo,
1762,Un chofer ilegal.,hecho_delictivo,
1763,En el hospital cobran por todo.,hecho_delictivo,
1764,Le pidieron dinero.,hecho_delictivo,
1765,Un inspector corrupto.,hecho_delictivo,
1766,Estan desviando recursos.,hecho_delictivo,
1767,Le vendieron producto falso.,hecho_delictivo,
1768,Un tipo engañando.,hecho_delictivo,
1769,En el trabajo fraude.,hecho_delictivo,
1770,Le cobraron sin razon.,hecho_delictivo,
1771,Un socio vendiendo ilegal.,hecho_delictivo,
1772,Estan revendiendo.,hecho_delictivo,
1773,Le vendieron telefono malo.,hecho_delictivo,
1774,Un medico cobrando.,hecho_delictivo,
1775,En la oficina venden turnos.,hecho_delictivo,
1776,Le hicieron estafa.,hecho_delictivo,
1777,Un tipo documentos falsos.,hecho_delictivo,
1778,Estan manipulando.,hecho_delictivo,
1779,Le vendieron comida mala.,hecho_delictivo,
1780,Un chofer ilegal.,hecho_delictivo,
1781,En el hospital cobran.,hecho_delictivo,
1782,Le pidieron dinero.,hecho_delictivo,
1783,Un inspector corrupto.,hecho_delictivo,
1784,Estan desviando.,hecho_delictivo,
1785,Le vendieron defectuoso.,hecho_delictivo,
1786,Un tipo engañando.,hecho_delictivo,
1787,En el trabajo inflan cuentas.,hecho_delictivo,
1788,Le cobraron de mas.,hecho_delictivo,
1789,Un vecino ilegal.,hecho_delictivo,
1790,Estan revendiendo.,hecho_delictivo,
1791,Le vendieron telefono malo.,hecho_delictivo,
1792,Un medico cobrando.,hecho_delictivo,
1793,En la oficina venden turnos.,hecho_delictivo,
1794,Le hicieron estafa.,hecho_delictivo,
1795,Un tipo documentos falsos.,hecho_delictivo,
1796,Estan manipulando.,hecho_delictivo,
1797,Le vendieron comida mala.,hecho_delictivo,
1798,Un chofer ilegal.,hecho_delictivo,
1799,En el hospital cobran.,hecho_delictivo,
1800,Le pidieron dinero.,hecho_delictivo,
1801,no se q bolá con esto,inofensivo,
1802,asere esto no carga,inofensivo,
1803,q alguien me diga q hacer plss,inofensivo,
1804,esto ta raro bro,inofensivo,
1805,no me deja entrar al sist,inofensivo,
1806,ayuda q no entiendo na,inofensivo,
1807,q hago aqui socio,inofensivo,
1808,esto sirve o no?,inofensivo,
1809,probando si esto funciona,inofensivo,
1810,asere no veo na claro,inofensivo,
1811,como se usa esto mi hermano,inofensivo,
1812,q lio con esta pagina,inofensivo,
1813,no me sale lo q busco,inofensivo,
1814,esto ta enredao,inofensivo,
1815,alguien explica rapido,inofensivo,
1816,q clase cosa es esto,inofensivo,
1817,no entiendo ni papa,inofensivo,
1818,esto es prueba nada mas,inofensivo,
1819,q hago pa seguir,inofensivo,
1820,no me carga bien esto,inofensivo,
1821,esto es un test creo,inofensivo,
1822,q alguien me oriente,inofensivo,
1823,no se pa donde voy,inofensivo,
1824,esto ta lento asere,inofensivo,
1825,q hago con esto ahora,inofensivo,
1826,necesito ayuda urgente pero normal,inofensivo,
1827,no entiendo el paso 2,inofensivo,
1828,esto me confunde pila,inofensivo,
1829,q significa esto aqui,inofensivo,
1830,alguien q me diga como es,inofensivo,
1831,no se usar esto bien,inofensivo,
1832,esto es facil o q?,inofensivo,
1833,no me queda claro,inofensivo,
1834,q alguien responda pls,inofensivo,
1835,esto ta medio raro,inofensivo,
1836,no veo opcion pa seguir,inofensivo,
1837,q hago despues de esto,inofensivo,
1838,esto no abre,inofensivo,
1839,no me deja continuar,inofensivo,
1840,q es esto mismo,inofensivo,
1841,no se si hice bien esto,inofensivo,
1842,esto es solo prueba,inofensivo,
1843,q hay q poner aqui,inofensivo,
1844,no entiendo el sistema,inofensivo,
1845,esto no funciona bien,inofensivo,
1846,q alguien me ayude con esto,inofensivo,
1847,no se donde darle click,inofensivo,
1848,esto es complicado,inofensivo,
1849,q hago pa terminar,inofensivo,
1850,no entiendo nada socio,inofensivo,
1851,esto me tiene loco,inofensivo,
1852,q alguien explique facil,inofensivo,
1853,no veo resultados,inofensivo,
1854,esto es nuevo pa mi,inofensivo,
1855,q pasa con esto,inofensivo,
1856,no se usar la pagina,inofensivo,
1857,esto esta en candela,inofensivo,
1858,q hago ahora mismo,inofensivo,
1859,no entiendo el proceso,inofensivo,
1860,esto no me deja seguir,inofensivo,
1861,q alguien diga algo,inofensivo,
1862,no me abre el link,inofensivo,
1863,esto ta mal hecho,inofensivo,
1864,q hago con esto aqui,inofensivo,
1865,no entiendo instrucciones,inofensivo,
1866,esto es raro raro,inofensivo,
1867,q alguien ayude plis,inofensivo,
1868,no se q escribir aqui,inofensivo,
1869,esto no corre bien,inofensivo,
1870,q hago despues socio,inofensivo,
1871,no entiendo esta parte,inofensivo,
1872,esto es una prueba mas,inofensivo,
1873,q alguien me guie,inofensivo,
1874,no me queda claro esto,inofensivo,
1875,esto es dificil asere,inofensivo,
1876,q hago con este paso,inofensivo,
1877,no veo como seguir,inofensivo,
1878,esto no sirve creo,inofensivo,
1879,q alguien responda rapido,inofensivo,
1880,no entiendo el final,inofensivo,
1881,esto esta confuso,inofensivo,
1882,q hago con esta opcion,inofensivo,
1883,no me deja avanzar,inofensivo,
1884,esto no es facil,inofensivo,
1885,q alguien me diga como es,inofensivo,
1886,no entiendo nada aqui,inofensivo,
1887,esto ta complicado,inofensivo,
1888,q hago con esto bro,inofensivo,
1889,no veo solucion,inofensivo,
1890,esto no ayuda mucho,inofensivo,
1891,q alguien explique mejor,inofensivo,
1892,no entiendo como enviar,inofensivo,
1893,esto no responde,inofensivo,
1894,q hago pa enviar,inofensivo,
1895,no se si esto sirve,inofensivo,
1896,esto ta medio mal,inofensivo,
1897,q alguien me diga algo,inofensivo,
1898,no entiendo los pasos,inofensivo,
1899,esto no corre,inofensivo,
1900,q hago ahora bro,inofensivo,
1901,no veo nada aqui,inofensivo,
1902,esto es complicado bro,inofensivo,
1903,q alguien ayude con esto,inofensivo,
1904,no entiendo el sistema bien,inofensivo,
1905,esto no es claro,inofensivo,
1906,q hago despues de aqui,inofensivo,
1907,no se usar esto todavia,inofensivo,
1908,esto esta enredado,inofensivo,
1909,q alguien explique paso a paso,inofensivo,
1910,no entiendo la pagina,inofensivo,
1911,esto no funciona correcto,inofensivo,
1912,q hago con esto asere,inofensivo,
1913,no veo como termina,inofensivo,
1914,esto es raro socio,inofensivo,
1915,q alguien me ayude rapido,inofensivo,
1916,no entiendo este lio,inofensivo,
1917,esto ta medio complicado,inofensivo,
1918,q hago con esto pls,inofensivo,
1919,no veo opcion clara,inofensivo,
1920,esto no carga bien,inofensivo,
1921,q alguien me diga q hacer aqui,inofensivo,
1922,no entiendo como empieza,inofensivo,
1923,esto no me gusta mucho,inofensivo,
1924,q hago con este error,inofensivo,
1925,no veo respuesta,inofensivo,
1926,esto es medio dificil,inofensivo,
1927,q alguien explique esto,inofensivo,
1928,no entiendo la idea,inofensivo,
1929,esto no ayuda,inofensivo,
1930,q hago con este problema,inofensivo,
1931,no veo como resolver,inofensivo,
1932,esto ta medio malo,inofensivo,
1933,q alguien me diga como usarlo,inofensivo,
1934,no entiendo la funcion,inofensivo,
1935,esto no trabaja bien,inofensivo,
1936,q hago con este sistema,inofensivo,
1937,no veo como funciona esto,inofensivo,
1938,esto es raro de verdad,inofensivo,
1939,q alguien explique bien,inofensivo,
1940,no entiendo este paso final,inofensivo,
1941,esto no responde rapido,inofensivo,
1942,q hago con este detalle,inofensivo,
1943,no veo como arreglar,inofensivo,
1944,esto esta confuso asere,inofensivo,
1945,q alguien me oriente bien,inofensivo,
1946,no entiendo esta cosa,inofensivo,
1947,esto no sirve mucho,inofensivo,
1948,q hago con esta duda,inofensivo,
1949,no veo solucion facil,inofensivo,
1950,esto es medio enredo,inofensivo,
1951,q alguien diga como es esto,inofensivo,
1952,no entiendo el principio,inofensivo,
1953,esto no esta bien hecho,inofensivo,
1954,q hago con este form,inofensivo,
1955,no veo como completar,inofensivo,
1956,esto es raro raro bro,inofensivo,
1957,q alguien me explique rapido,inofensivo,
1958,no entiendo el sistema entero,inofensivo,
1959,esto no va bien,inofensivo,
1960,q hago con este sitio,inofensivo,
1961,no veo salida,inofensivo,
1962,esto esta mal creo,inofensivo,
1963,q alguien diga algo claro,inofensivo,
1964,no entiendo como usarlo bien,inofensivo,
1965,esto no ayuda nada,inofensivo,
1966,q hago con este errorcito,inofensivo,
1967,no veo final,inofensivo,
1968,esto ta medio feo,inofensivo,
1969,q alguien me diga bien,inofensivo,
1970,no entiendo bien esto,inofensivo,
1971,esto no funciona pa mi,inofensivo,
1972,q hago con esta pagina web,inofensivo,
1973,no veo como seguir bien,inofensivo,
1974,esto es raro en serio,inofensivo,
1975,q alguien explique mejor esto,inofensivo,
1976,no entiendo nada de nada,inofensivo,
1977,esto no sirve pa na,inofensivo,
1978,q hago con esta opcion aqui,inofensivo,
1979,no veo forma de terminar,inofensivo,
1980,esto esta complicado socio,inofensivo,
1981,q alguien me ayude con esto pls,inofensivo,
1982,no entiendo como funciona esto bien,inofensivo,
1983,esto no responde bien,inofensivo,
1984,q hago con este proceso,inofensivo,
1985,no veo como avanzar aqui,inofensivo,
1986,esto es raro pa mi,inofensivo,
1987,q alguien diga como usar esto,inofensivo,
1988,no entiendo este sistema loco,inofensivo,
1989,esto no ayuda mucho bro,inofensivo,
1990,q hago con este paso aqui,inofensivo,
1991,no veo solucion clara,inofensivo,
1992,esto ta medio complicado bro,inofensivo,
1993,q alguien me explique bien esto pls,inofensivo,
1994,no entiendo como seguir esto,inofensivo,
1995,esto no funciona bien pa mi,inofensivo,
1996,q hago con esta web,inofensivo,
1997,no veo como termina esto,inofensivo,
1998,esto es raro asere,inofensivo,
1999,q alguien me diga rapido q hacer,inofensivo,
2000,no entiendo este sistema bro,inofensivo,
2001,vendo celular barato casi nuevo,inofensivo,
2002,alguien tiene pan por ahi q venda,inofensivo,
2003,hoy hace un calor q mata asere,inofensivo,
2004,se fue la corriente otra vez,inofensivo,
2005,la guagua no pasa nunca bro,inofensivo,
2006,ando vendiendo tenis poco uso,inofensivo,
2007,q rico el arroz con pollo hoy,inofensivo,
2008,alguien sabe si abrio el mercado,inofensivo,
2009,necesito comprar gas urgente,inofensivo,
2010,q lento esta el internet hoy,inofensivo,
2011,alguien vende huevos baratos,inofensivo,
2012,el cafe esta carisimo socio,inofensivo,
2013,q linda quedo la playa hoy,inofensivo,
2014,se me rompio el abanico,inofensivo,
2015,ando buscando un tecnico pa el movil,inofensivo,
2016,q pelicula recomiendan pa hoy,inofensivo,
2017,hoy toca limpiar la casa uff,inofensivo,
2018,alguien tiene leche en polvo pa vender,inofensivo,
2019,esto del calor no se aguanta,inofensivo,
2020,me quede sin datos otra vez,inofensivo,
2021,q tal esta esa serie nueva,inofensivo,
2022,ando vendiendo mochila barata,inofensivo,
2023,q caro esta todo en la shopping,inofensivo,
2024,alguien sabe si hay pollo hoy,inofensivo,
2025,el vecino puso musica alta otra vez,inofensivo,
2026,q rico el helado de chocolate,inofensivo,
2027,se fue el agua en mi cuadra,inofensivo,
2028,alguien alquila cuarto barato,inofensivo,
2029,el transporte esta fatal hoy,inofensivo,
2030,q lindo el atardecer bro,inofensivo,
2031,ando comprando piezas de moto,inofensivo,
2032,q mal dormi anoche,inofensivo,
2033,alguien sabe arreglar lavadoras,inofensivo,
2034,el perro mio no para de ladrar,inofensivo,
2035,q buena estuvo la comida hoy,inofensivo,
2036,ando vendiendo ropa usada barata,inofensivo,
2037,se me cayo el telefono,inofensivo,
2038,q rapido pasa el tiempo,inofensivo,
2039,alguien tiene harina pa vender,inofensivo,
2040,la calle esta llena de baches,inofensivo,
2041,q calor mas grande mi madre,inofensivo,
2042,ando buscando bicicleta,inofensivo,
2043,q tal esta el clima mañana,inofensivo,
2044,alguien sabe si hay luz por centro,inofensivo,
2045,me quede sin bateria otra vez,inofensivo,
2046,q rica la pizza de hoy,inofensivo,
2047,ando vendiendo perfumes,inofensivo,
2048,el internet esta pesimo hoy,inofensivo,
2049,q tal ese telefono nuevo,inofensivo,
2050,alguien vende refrescos frios,inofensivo,
2051,hoy no hay ganas de nada,inofensivo,
2052,q bien se siente el aire,inofensivo,
2053,ando buscando trabajo remoto,inofensivo,
2054,el niño no quiere comer,inofensivo,
2055,q serie tan buena esa bro,inofensivo,
2056,alguien sabe de un mecanico bueno,inofensivo,
2057,se me mojo el movil,inofensivo,
2058,q lindo amanecio hoy,inofensivo,
2059,ando vendiendo combos de comida,inofensivo,
2060,el barrio esta tranquilo hoy,inofensivo,
2061,q caro el aceite asere,inofensivo,
2062,alguien tiene pan con algo,inofensivo,
2063,hoy toca lavar ropa uff,inofensivo,
2064,q tal ese lugar pa salir,inofensivo,
2065,ando comprando laptop usada,inofensivo,
2066,el trafico esta imposible,inofensivo,
2067,q rico el jugo natural,inofensivo,
2068,alguien sabe si hay pollo en tal lado,inofensivo,
2069,me quede dormido hoy,inofensivo,
2070,q buena musica pusieron hoy,inofensivo,
2071,ando vendiendo ventilador,inofensivo,
2072,el dia esta nublado,inofensivo,
2073,q tal ese restaurante,inofensivo,
2074,alguien alquila carro,inofensivo,
2075,se rompio la nevera,inofensivo,
2076,q lindo esta el cielo,inofensivo,
2077,ando comprando zapatos,inofensivo,
2078,el calor no afloja,inofensivo,
2079,q tal el servicio ahi,inofensivo,
2080,alguien vende carne,inofensivo,
2081,hoy no hay transporte,inofensivo,
2082,q rico el cafe cubano,inofensivo,
2083,ando vendiendo tv,inofensivo,
2084,el barrio sin luz otra vez,inofensivo,
2085,q tal ese negocio,inofensivo,
2086,alguien sabe de wifi barato,inofensivo,
2087,me duele la cabeza hoy,inofensivo,
2088,q buena comida bro,inofensivo,
2089,ando comprando comida,inofensivo,
2090,el dia se puso feo,inofensivo,
2091,q tal ese lugar pa comer,inofensivo,
2092,alguien vende dulces,inofensivo,
2093,me quede sin saldo,inofensivo,
2094,q bonito esta todo hoy,inofensivo,
2095,ando vendiendo bicicletas,inofensivo,
2096,el clima loco hoy,inofensivo,
2097,q tal ese equipo,inofensivo,
2098,alguien sabe de alquiler barato,inofensivo,
2099,se fue la señal,inofensivo,
2100,q rico el desayuno hoy,inofensivo,
2101,ayer hablaron del plan economico pero no entendi mucho,inofensivo,
2102,esas reuniones del barrio siempre se alargan,inofensivo,
2103,q alguien explique mejor lo de las nuevas normas,inofensivo,
2104,el tramite en esa oficina demora demasiado,inofensivo,
2105,no queda claro como aplicar esa resolucion,inofensivo,
2106,en la tv dijeron algo pero no dieron detalles,inofensivo,
2107,eso de las colas en las entidades cansa,inofensivo,
2108,alguien sabe donde sacar ese documento,inofensivo,
2109,no actualizan la pagina oficial nunca,inofensivo,
2110,las reglas nuevas estan medio enredadas,inofensivo,
2111,en la radio hablaron de cambios pero sin ejemplos,inofensivo,
2112,ese sistema digital se cae a cada rato,inofensivo,
2113,q dificil es entender esos requisitos,inofensivo,
2114,las oficinas deberian abrir mas temprano,inofensivo,
2115,alguien logro hacer ese registro online,inofensivo,
2116,no explican bien los pasos del proceso,inofensivo,
2117,en la reunion dijeron plazos pero no claros,inofensivo,
2118,eso de los turnos virtuales no funciona bien,inofensivo,
2119,las instituciones tienen mucha burocracia,inofensivo,
2120,no hay info completa en el cartel,inofensivo,
2121,alguien sabe si cambiaron los horarios,inofensivo,
2122,en el noticiero mencionaron medidas nuevas,inofensivo,
2123,ese formulario tiene demasiados campos,inofensivo,
2124,no queda claro a donde ir primero,inofensivo,
2125,las colas virtuales tambien son largas,inofensivo,
2126,alguien sabe el costo de ese tramite,inofensivo,
2127,en la web oficial faltan ejemplos,inofensivo,
2128,ese proceso deberia ser mas simple,inofensivo,
2129,no responden los correos de la entidad,inofensivo,
2130,alguien sabe si hay cita previa,inofensivo,
2131,en la asamblea hablaron de prioridades,inofensivo,
2132,ese sistema pide datos repetidos,inofensivo,
2133,no hay señalizacion clara en la oficina,inofensivo,
2134,alguien pudo descargar el certificado,inofensivo,
2135,en la radio dijeron fechas nuevas,inofensivo,
2136,ese portal se pone lento en la tarde,inofensivo,
2137,no queda claro el orden de los pasos,inofensivo,
2138,alguien sabe si aceptan pago online,inofensivo,
2139,en la tv mostraron un resumen corto,inofensivo,
2140,ese tramite requiere muchos documentos,inofensivo,
2141,no hay personal suficiente atendiendo,inofensivo,
2142,alguien sabe si atienden los sabados,inofensivo,
2143,en la reunion del centro explicaron cambios,inofensivo,
2144,ese sistema no guarda los datos,inofensivo,
2145,no queda claro el tiempo de respuesta,inofensivo,
2146,alguien sabe si hay guia oficial,inofensivo,
2147,en el sitio faltan preguntas frecuentes,inofensivo,
2148,ese proceso se traba en el ultimo paso,inofensivo,
2149,no hay quien oriente bien en la cola,inofensivo,
2150,alguien sabe si hace falta cita,inofensivo,
2151,en la radio hablaron de simplificar,inofensivo,
2152,ese formulario da error al enviar,inofensivo,
2153,no queda claro donde subir los archivos,inofensivo,
2154,alguien pudo completar el registro,inofensivo,
2155,en la tv dijeron plazos nuevos,inofensivo,
2156,ese portal no carga en el movil,inofensivo,
2157,no hay informacion sobre excepciones,inofensivo,
2158,alguien sabe si aceptan copia digital,inofensivo,
2159,en la asamblea mencionaron mejoras,inofensivo,
2160,ese tramite pide demasiadas copias,inofensivo,
2161,no queda claro el requisito principal,inofensivo,
2162,alguien sabe si hay ventanilla unica,inofensivo,
2163,en la web faltan tutoriales,inofensivo,
2164,ese sistema cierra la sesion rapido,inofensivo,
2165,no hay confirmacion despues de enviar,inofensivo,
2166,alguien sabe si dan comprobante,inofensivo,
2167,en la radio explicaron por encima,inofensivo,
2168,ese proceso no indica errores claros,inofensivo,
2169,no queda claro como corregir datos,inofensivo,
2170,alguien sabe si hay soporte telefonico,inofensivo,
2171,en la tv hablaron de digitalizacion,inofensivo,
2172,ese portal pide captcha a cada rato,inofensivo,
2173,no hay guia paso a paso oficial,inofensivo,
2174,alguien sabe si aceptan foto del documento,inofensivo,
2175,en la reunion dijeron usar la app,inofensivo,
2176,ese sistema no reconoce el usuario,inofensivo,
2177,no queda claro el formato de los archivos,inofensivo,
2178,alguien sabe el horario de atencion,inofensivo,
2179,en la web hay info desactualizada,inofensivo,
2180,ese tramite tiene varias etapas,inofensivo,
2181,no hay claridad en los costos,inofensivo,
2182,alguien sabe si hay turno por orden de llegada,inofensivo,
2183,en la radio hablaron de priorizar,inofensivo,
2184,ese portal se cae en horas pico,inofensivo,
2185,no queda claro el estado de la solicitud,inofensivo,
2186,alguien sabe si envian notificacion,inofensivo,
2187,en la tv mostraron un tutorial corto,inofensivo,
2188,ese sistema no permite editar despues,inofensivo,
2189,no hay canal de quejas visible,inofensivo,
2190,alguien sabe si hay oficina cerca,inofensivo,
2191,en la asamblea dijeron ampliar horarios,inofensivo,
2192,ese proceso requiere validacion extra,inofensivo,
2193,no queda claro quien firma el documento,inofensivo,
2194,alguien sabe si aceptan transferencia,inofensivo,
2195,en la web no carga la seccion de ayuda,inofensivo,
2196,ese tramite se demora mas de lo esperado,inofensivo,
2197,no hay seguimiento claro del caso,inofensivo,
2198,alguien sabe si dan turno online,inofensivo,
2199,en la radio mencionaron mejoras futuras,inofensivo,
2200,ese sistema deberia ser mas intuitivo,inofensivo,
2201,hoy el juego estuvo bueno de verdad,inofensivo,
2202,q clase gol metieron ayer,inofensivo,
2203,no me gusto como jugo ese equipo,inofensivo,
2204,alguien vio el partido anoche,inofensivo,
2205,esa serie esta buenisima bro,inofensivo,
2206,no me engancha esa novela,inofensivo,
2207,q capitulo mas intenso el de ayer,inofensivo,
2208,alguien recomienda peliculas nuevas,inofensivo,
2209,esa musica nueva ta pegada,inofensivo,
2210,no me gusta ese cantante mucho,inofensivo,
2211,q buena cancion sacaron,inofensivo,
2212,ese album esta duro,inofensivo,
2213,alguien tiene playlist buena,inofensivo,
2214,hoy cocine arroz congris,inofensivo,
2215,q rico el picadillo hoy,inofensivo,
2216,me quedo bien la comida,inofensivo,
2217,hoy no queria cocinar nada,inofensivo,
2218,q tal ese restaurante nuevo,inofensivo,
2219,alguien fue a comer ahi,inofensivo,
2220,ese lugar es caro pero bueno,inofensivo,
2221,hoy el trabajo estuvo pesado,inofensivo,
2222,no avance nada en la oficina,inofensivo,
2223,me mandaron mil tareas hoy,inofensivo,
2224,el jefe anda apretando mucho,inofensivo,
2225,necesito vacaciones urgente,inofensivo,
2226,hoy fue dia largo de trabajo,inofensivo,
2227,no hay motivacion hoy pa nada,inofensivo,
2228,me levante tarde hoy,inofensivo,
2229,no dormi bien anoche,inofensivo,
2230,hoy estoy sin energia,inofensivo,
2231,q rapido pasa la semana,inofensivo,
2232,ya casi es viernes menos mal,inofensivo,
2233,el finde quiero salir,inofensivo,
2234,alguien sabe de planes pa el finde,inofensivo,
2235,hoy toca limpiar toda la casa,inofensivo,
2236,no quiero hacer nada hoy,inofensivo,
2237,el clima esta raro hoy,inofensivo,
2238,ayer llovio pila,inofensivo,
2239,hoy amanecio fresco,inofensivo,
2240,ese sol esta fuerte,inofensivo,
2241,mi telefono ta lento,inofensivo,
2242,se me lleno la memoria otra vez,inofensivo,
2243,necesito cambiar el movil ya,inofensivo,
2244,la bateria no dura nada,inofensivo,
2245,ese app no abre,inofensivo,
2246,el wifi esta fatal hoy,inofensivo,
2247,me quede sin datos otra vez,inofensivo,
2248,la conexion se cae a cada rato,inofensivo,
2249,ese juego esta adictivo,inofensivo,
2250,no paro de jugar eso,inofensivo,
2251,alguien juega online aqui,inofensivo,
2252,ese nivel esta dificil,inofensivo,
2253,me eliminaron rapido en la partida,inofensivo,
2254,hoy fui al gym despues de tiempo,inofensivo,
2255,no tengo ganas de entrenar,inofensivo,
2256,mañana empiezo dieta de verdad,inofensivo,
2257,eso digo siempre y nada,inofensivo,
2258,hoy camine bastante,inofensivo,
2259,me duelen las piernas,inofensivo,
2260,el trafico estaba horrible hoy,inofensivo,
2261,tarde mil en llegar,inofensivo,
2262,no habia transporte ninguno,inofensivo,
2263,la guagua venia llena,inofensivo,
2264,tuve q caminar un tramo,inofensivo,
2265,hoy vi a un amigo viejo,inofensivo,
2266,hace tiempo no lo veia,inofensivo,
2267,q pequeño es el mundo,inofensivo,
2268,me encontre a medio barrio,inofensivo,
2269,hoy hubo reunion familiar,inofensivo,
2270,q bueno compartir con la familia,inofensivo,
2271,los niños no paran quietos,inofensivo,
2272,la casa llena de gente hoy,inofensivo,
2273,necesito un descanso ya,inofensivo,
2274,hoy lave toda la ropa,inofensivo,
2275,planche pila de cosas,inofensivo,
2276,la casa quedo limpia al fin,inofensivo,
2277,mañana toca mercado,inofensivo,
2278,hay q hacer lista de compra,inofensivo,
2279,alguien sabe donde venden barato,inofensivo,
2280,hoy gaste mas de la cuenta,inofensivo,
2281,ese precio esta alto,inofensivo,
2282,hay q cuidar el dinero,inofensivo,
2283,no alcanza pa todo,inofensivo,
2284,hoy estuve viendo videos todo el dia,inofensivo,
2285,me perdi en redes sin darme cuenta,inofensivo,
2286,q vicio con el telefono,inofensivo,
2287,necesito desconectarme un poco,inofensivo,
2288,hoy casi no sali de casa,inofensivo,
2289,me quede viendo series,inofensivo,
2290,no hice nada productivo,inofensivo,
2291,mañana si me organizo mejor,inofensivo,
2292,tengo mil pendientes,inofensivo,
2293,no se por donde empezar,inofensivo,
2294,hoy fue dia tranquilo,inofensivo,
2295,no paso nada interesante,inofensivo,
2296,solo rutina de siempre,inofensivo,
2297,asi es la vida diaria,inofensivo,
2298,hay dias buenos y otros no tanto,inofensivo,
2299,pero seguimos pa lante,inofensivo,
2300,mañana sera otro dia,inofensivo,
2301,hoy madrugue y aun tengo sueño,inofensivo,
2302,no me dio tiempo ni a desayunar,inofensivo,
2303,q dia mas largo el de hoy,inofensivo,
2304,ando corriendo pa todos lados,inofensivo,
2305,hoy me senti super productivo,inofensivo,
2306,no hice nada de lo q tenia planeado,inofensivo,
2307,la mañana se fue volando,inofensivo,
2308,la tarde estuvo tranquila,inofensivo,
2309,la noche pinta relax,inofensivo,
2310,hoy toca descansar un poco,inofensivo,
2311,me puse a organizar el cuarto,inofensivo,
2312,encontre cosas q ni recordaba,inofensivo,
2313,hay q botar cosas viejas,inofensivo,
2314,acumulo demasiadas cosas,inofensivo,
2315,necesito mas espacio en casa,inofensivo,
2316,hoy arregle un par de cosas rotas,inofensivo,
2317,quedo mejor de lo q esperaba,inofensivo,
2318,soy medio manitas pa eso,inofensivo,
2319,pero a veces no sale bien,inofensivo,
2320,hoy si resolvi rapido,inofensivo,
2321,me puse a leer un rato,inofensivo,
2322,ese libro esta interesante,inofensivo,
2323,no leo tanto como deberia,inofensivo,
2324,deberia dedicarle mas tiempo,inofensivo,
2325,leer relaja bastante,inofensivo,
2326,hoy escuche musica vieja,inofensivo,
2327,me trajo recuerdos buenos,inofensivo,
2328,q tiempos aquellos bro,inofensivo,
2329,la musica de antes tenia algo,inofensivo,
2330,pero la nueva tambien pega,inofensivo,
2331,hoy me dio por cocinar algo distinto,inofensivo,
2332,no quedo perfecto pero se pudo,inofensivo,
2333,hay q inventar con lo q hay,inofensivo,
2334,la cocina es creatividad,inofensivo,
2335,mañana intento otra receta,inofensivo,
2336,hoy me puse a ver fotos viejas,inofensivo,
2337,q nostalgia dio eso,inofensivo,
2338,como pasa el tiempo asere,inofensivo,
2339,uno cambia sin darse cuenta,inofensivo,
2340,pero quedan los recuerdos,inofensivo,
2341,hoy sali a caminar un rato,inofensivo,
2342,me hizo bien despejar,inofensivo,
2343,deberia hacerlo mas seguido,inofensivo,
2344,la mente lo agradece,inofensivo,
2345,hay q cuidarse un poco mas,inofensivo,
2346,hoy estuve hablando con un amigo,inofensivo,
2347,hacia rato no conversabamos,inofensivo,
2348,q bien se siente eso,inofensivo,
2349,las amistades hay q cuidarlas,inofensivo,
2350,no todo es trabajo en la vida,inofensivo,
2351,hoy me toco hacer cola pa algo,inofensivo,
2352,se fue medio dia ahi,inofensivo,
2353,hay q tener paciencia,inofensivo,
2354,no queda de otra,inofensivo,
2355,al final resolvi,inofensivo,
2356,hoy estuve sin hacer mucho,inofensivo,
2357,a veces hace falta parar,inofensivo,
2358,no todo es correr,inofensivo,
2359,tambien hay q respirar,inofensivo,
2360,mañana sera otro ritmo,inofensivo,
2361,hoy pense en organizar mejor mi tiempo,inofensivo,
2362,se me va en cosas sin darme cuenta,inofensivo,
2363,debo enfocarme mas,inofensivo,
2364,menos distracciones,inofensivo,
2365,a ver si lo logro,inofensivo,
2366,hoy revise mis cuentas,inofensivo,
2367,hay q apretarse un poco,inofensivo,
2368,no gastar en boberias,inofensivo,
2369,organizar mejor el dinero,inofensivo,
2370,poco a poco se puede,inofensivo,
2371,hoy ayude en la casa con cosas,inofensivo,
2372,entre todos es mas facil,inofensivo,
2373,la convivencia es asi,inofensivo,
2374,cada uno pone su parte,inofensivo,
2375,y todo fluye mejor,inofensivo,
2376,hoy estuve probando una app nueva,inofensivo,
2377,no esta mal pero le falta,inofensivo,
2378,aun tiene errores,inofensivo,
2379,pero promete,inofensivo,
2380,a ver como mejora,inofensivo,
2381,hoy me dio por ordenar el telefono,inofensivo,
2382,borrar fotos repetidas,inofensivo,
2383,liberar espacio al fin,inofensivo,
2384,hacia falta eso,inofensivo,
2385,quedo mas limpio,inofensivo,
2386,hoy estuve viendo noticias,inofensivo,
2387,nada muy sorprendente,inofensivo,
2388,lo mismo de siempre,inofensivo,
2389,pero hay q estar al tanto,inofensivo,
2390,informarse es importante,inofensivo,
2391,hoy me desconecte un rato,inofensivo,
2392,menos pantalla mas calma,inofensivo,
2393,me vino bien eso,inofensivo,
2394,deberia hacerlo mas seguido,inofensivo,
2395,la mente descansa,inofensivo,
2396,hoy fue un dia normal,inofensivo,
2397,sin altos ni bajos,inofensivo,
2398,solo rutina diaria,inofensivo,
2399,pero todo suma,inofensivo,
2400,asi vamos poco a poco,inofensivo,
2401,escuche el discurso de ayer pero fue largo,inofensivo,
2402,q dijo el presidente sobre la economia,inofensivo,
2403,no entendi bien esa intervencion en tv,inofensivo,
2404,hablaron de cambios pero sin detalles,inofensivo,
2405,alguien sabe q medidas nuevas vienen,inofensivo,
2406,eso lo explicaron rapido en el noticiero,inofensivo,
2407,no quedo claro el mensaje principal,inofensivo,
2408,esas reuniones oficiales siempre son extensas,inofensivo,
2409,vi a varios dirigentes en la actividad,inofensivo,
2410,comentaron sobre la situacion actual del pais,inofensivo,
2411,no explicaron bien los pasos a seguir,inofensivo,
2412,eso de la economia lo tocaron por arriba,inofensivo,
2413,alguien vio la mesa redonda de anoche,inofensivo,
2414,ahi hablaron de varios temas importantes,inofensivo,
2415,pero falto claridad en algunos puntos,inofensivo,
2416,esas comparecencias son frecuentes ahora,inofensivo,
2417,no siempre se entiende todo lo q dicen,inofensivo,
2418,hablaron de mejorar ciertos servicios,inofensivo,
2419,alguien sabe cuando aplican esos cambios,inofensivo,
2420,eso lo mencionaron en la radio hoy,inofensivo,
2421,vi fotos del evento oficial,inofensivo,
2422,estaban varias figuras conocidas ahi,inofensivo,
2423,hablaron de prioridades del pais,inofensivo,
2424,no dieron fechas concretas,inofensivo,
2425,eso genera dudas en la gente,inofensivo,
2426,alguien entiende bien esas politicas nuevas,inofensivo,
2427,lo explicaron pero quedo medio confuso,inofensivo,
2428,esas decisiones afectan a todos,inofensivo,
2429,hay q estar atentos a los anuncios,inofensivo,
2430,en tv siempre repiten lo mismo,inofensivo,
2431,pero a veces cambian detalles,inofensivo,
2432,alguien sigue esas reuniones completas,inofensivo,
2433,son largas pero informan algo,inofensivo,
2434,no siempre dan respuestas claras,inofensivo,
2435,eso de los planes economicos es complejo,inofensivo,
2436,alguien sabe donde leer mas sobre eso,inofensivo,
2437,en la web oficial hay poca info,inofensivo,
2438,hablaron de objetivos a corto plazo,inofensivo,
2439,pero no explicaron como lograrlos,inofensivo,
2440,eso deja muchas preguntas,inofensivo,
2441,vi entrevistas a funcionarios hoy,inofensivo,
2442,dieron su punto de vista,inofensivo,
2443,pero faltaron detalles practicos,inofensivo,
2444,alguien sabe si habra otra reunion pronto,inofensivo,
2445,esas mesas de debate salen seguido,inofensivo,
2446,ahi invitan a varios expertos,inofensivo,
2447,pero a veces se repiten ideas,inofensivo,
2448,no siempre avanzan mucho,inofensivo,
2449,eso es lo q parece al menos,inofensivo,
2450,alguien escucho el resumen en la radio,inofensivo,
2451,lo hicieron corto esta vez,inofensivo,
2452,pero no profundizaron,inofensivo,
2453,esas explicaciones quedan incompletas,inofensivo,
2454,alguien sabe si publicaron el documento,inofensivo,
2455,me gustaria leerlo completo,inofensivo,
2456,en tv solo dan fragmentos,inofensivo,
2457,eso no ayuda mucho a entender,inofensivo,
2458,hablaron de prioridades sociales,inofensivo,
2459,pero sin ejemplos claros,inofensivo,
2460,alguien sabe si eso ya empezo,inofensivo,
2461,esas politicas toman tiempo,inofensivo,
2462,no es algo inmediato,inofensivo,
2463,hay q seguir de cerca los anuncios,inofensivo,
2464,en redes la gente comenta bastante,inofensivo,
2465,cada cual da su opinion,inofensivo,
2466,algunos entienden mejor q otros,inofensivo,
2467,eso genera debate sano,inofensivo,
2468,siempre hay diferentes puntos de vista,inofensivo,
2469,alguien sabe si habra cambios pronto,inofensivo,
2470,lo dijeron pero sin fecha,inofensivo,
2471,esas intervenciones son formales,inofensivo,
2472,a veces cuesta seguir el hilo,inofensivo,
2473,pero dan informacion general,inofensivo,
2474,eso ayuda a tener idea del rumbo,inofensivo,
2475,aunque no todo queda claro,inofensivo,
2476,alguien vio el acto de hoy,inofensivo,
2477,habia varios dirigentes presentes,inofensivo,
2478,dieron discursos cortos,inofensivo,
2479,pero enfocados en temas actuales,inofensivo,
2480,eso fue lo principal,inofensivo,
2481,alguien sabe si publican resumen despues,inofensivo,
2482,seria util leerlo tranquilo,inofensivo,
2483,en vivo se pierde informacion,inofensivo,
2484,por lo rapido q hablan,inofensivo,
2485,eso pasa mucho,inofensivo,
2486,las instituciones deberian explicar mas simple,inofensivo,
2487,para q todos entiendan mejor,inofensivo,
2488,no todo el mundo sigue esos temas,inofensivo,
2489,pero igual interesan,inofensivo,
2490,alguien sigue esas cuentas oficiales,inofensivo,
2491,ahi publican cosas a veces,inofensivo,
2492,pero no siempre completas,inofensivo,
2493,falta mas detalle,inofensivo,
2494,eso ayudaría bastante,inofensivo,
2495,en general hay bastante informacion,inofensivo,
2496,pero dispersa,inofensivo,
2497,hay q buscar en varios lados,inofensivo,
2498,no todo esta en un solo sitio,inofensivo,
2499,eso complica un poco,inofensivo,
2500,pero al final uno se entera,inofensivo,
2501,hoy el juego estuvo bueno de verdad,inofensivo,
2502,q clase gol metieron ayer,inofensivo,
2503,no me gusto como jugo ese equipo,inofensivo,
2504,alguien vio el partido anoche,inofensivo,
2505,esa serie esta buenisima bro,inofensivo,
2506,no me engancha esa novela,inofensivo,
2507,q capitulo mas intenso el de ayer,inofensivo,
2508,alguien recomienda peliculas nuevas,inofensivo,
2509,esa musica nueva ta pegada,inofensivo,
2510,no me gusta ese cantante mucho,inofensivo,
2511,q buena cancion sacaron,inofensivo,
2512,ese album esta duro,inofensivo,
2513,alguien tiene playlist buena,inofensivo,
2514,hoy cocine arroz congris,inofensivo,
2515,q rico el picadillo hoy,inofensivo,
2516,me quedo bien la comida,inofensivo,
2517,hoy no queria cocinar nada,inofensivo,
2518,q tal ese restaurante nuevo,inofensivo,
2519,alguien fue a comer ahi,inofensivo,
2520,ese lugar es caro pero bueno,inofensivo,
2521,hoy el trabajo estuvo pesado,inofensivo,
2522,no avance nada en la oficina,inofensivo,
2523,me mandaron mil tareas hoy,inofensivo,
2524,el jefe anda apretando mucho,inofensivo,
2525,necesito vacaciones urgente,inofensivo,
2526,hoy fue dia largo de trabajo,inofensivo,
2527,no hay motivacion hoy pa nada,inofensivo,
2528,me levante tarde hoy,inofensivo,
2529,no dormi bien anoche,inofensivo,
2530,hoy estoy sin energia,inofensivo,
2531,q rapido pasa la semana,inofensivo,
2532,ya casi es viernes menos mal,inofensivo,
2533,el finde quiero salir,inofensivo,
2534,alguien sabe de planes pa el finde,inofensivo,
2535,hoy toca limpiar toda la casa,inofensivo,
2536,no quiero hacer nada hoy,inofensivo,
2537,el clima esta raro hoy,inofensivo,
2538,ayer llovio pila,inofensivo,
2539,hoy amanecio fresco,inofensivo,
2540,ese sol esta fuerte,inofensivo,
2541,mi telefono ta lento,inofensivo,
2542,se me lleno la memoria otra vez,inofensivo,
2543,necesito cambiar el movil ya,inofensivo,
2544,la bateria no dura nada,inofensivo,
2545,ese app no abre,inofensivo,
2546,el wifi esta fatal hoy,inofensivo,
2547,me quede sin datos otra vez,inofensivo,
2548,la conexion se cae a cada rato,inofensivo,
2549,ese juego esta adictivo,inofensivo,
2550,no paro de jugar eso,inofensivo,
2551,alguien juega online aqui,inofensivo,
2552,ese nivel esta dificil,inofensivo,
2553,me eliminaron rapido en la partida,inofensivo,
2554,hoy fui al gym despues de tiempo,inofensivo,
2555,no tengo ganas de entrenar,inofensivo,
2556,mañana empiezo dieta de verdad,inofensivo,
2557,eso digo siempre y nada,inofensivo,
2558,hoy camine bastante,inofensivo,
2559,me duelen las piernas,inofensivo,
2560,el trafico estaba horrible hoy,inofensivo,
2561,tarde mil en llegar,inofensivo,
2562,no habia transporte ninguno,inofensivo,
2563,la guagua venia llena,inofensivo,
2564,tuve q caminar un tramo,inofensivo,
2565,hoy vi a un amigo viejo,inofensivo,
2566,hace tiempo no lo veia,inofensivo,
2567,q pequeño es el mundo,inofensivo,
2568,me encontre a medio barrio,inofensivo,
2569,hoy hubo reunion familiar,inofensivo,
2570,q bueno compartir con la familia,inofensivo,
2571,los niños no paran quietos,inofensivo,
2572,la casa llena de gente hoy,inofensivo,
2573,necesito un descanso ya,inofensivo,
2574,hoy lave toda la ropa,inofensivo,
2575,planche pila de cosas,inofensivo,
2576,la casa quedo limpia al fin,inofensivo,
2577,mañana toca mercado,inofensivo,
2578,hay q hacer lista de compra,inofensivo,
2579,alguien sabe donde venden barato,inofensivo,
2580,hoy gaste mas de la cuenta,inofensivo,
2581,ese precio esta alto,inofensivo,
2582,hay q cuidar el dinero,inofensivo,
2583,no alcanza pa todo,inofensivo,
2584,hoy estuve viendo videos todo el dia,inofensivo,
2585,me perdi en redes sin darme cuenta,inofensivo,
2586,q vicio con el telefono,inofensivo,
2587,necesito desconectarme un poco,inofensivo,
2588,hoy casi no sali de casa,inofensivo,
2589,me quede viendo series,inofensivo,
2590,no hice nada productivo,inofensivo,
2591,mañana si me organizo mejor,inofensivo,
2592,tengo mil pendientes,inofensivo,
2593,no se por donde empezar,inofensivo,
2594,hoy fue dia tranquilo,inofensivo,
2595,no paso nada interesante,inofensivo,
2596,solo rutina de siempre,inofensivo,
2597,asi es la vida diaria,inofensivo,
2598,hay dias buenos y otros no tanto,inofensivo,
2599,pero seguimos pa lante,inofensivo,
2600,mañana sera otro dia,inofensivo,
2601,vi a periodistas hablando del tema en tv,inofensivo,
2602,esa entrevista estuvo interesante,inofensivo,
2603,no entendi bien lo q explico el reportero,inofensivo,
2604,los periodistas comentaron sobre economia hoy,inofensivo,
2605,q dijeron en ese programa de noticias,inofensivo,
2606,vi a varios analistas opinando,inofensivo,
2607,esa cobertura fue bastante larga,inofensivo,
2608,no dieron muchos detalles en el reporte,inofensivo,
2609,alguien vio la entrevista completa,inofensivo,
2610,los medios tocaron varios temas hoy,inofensivo,
2611,escuche comentarios sobre la situacion actual,inofensivo,
2612,esa transmision fue en vivo,inofensivo,
2613,no me quedo claro el resumen,inofensivo,
2614,los periodistas repitieron varios puntos,inofensivo,
2615,ese analisis fue interesante,inofensivo,
2616,vi la intervencion de diaz canel hoy,inofensivo,
2617,hablo de varios temas generales,inofensivo,
2618,no dio muchos detalles concretos,inofensivo,
2619,alguien escucho el discurso completo,inofensivo,
2620,esa comparecencia fue transmitida,inofensivo,
2621,diaz canel menciono prioridades,inofensivo,
2622,no explico fechas exactas,inofensivo,
2623,alguien sabe si publicaron el texto,inofensivo,
2624,ese mensaje fue largo,inofensivo,
2625,vi fragmentos en la tv,inofensivo,
2626,raul aparecio en un acto oficial,inofensivo,
2627,estuvo presente en la actividad,inofensivo,
2628,lo mostraron en las noticias,inofensivo,
2629,alguien vio ese evento,inofensivo,
2630,raul saludo a varios participantes,inofensivo,
2631,fue una ceremonia formal,inofensivo,
2632,no hubo muchos detalles adicionales,inofensivo,
2633,ese acto fue breve,inofensivo,
2634,lo repitieron en el noticiero,inofensivo,
2635,alguien comento sobre eso hoy,inofensivo,
2636,escuche mencionar a familiares de figuras publicas,inofensivo,
2637,lo dijeron de forma general,inofensivo,
2638,no dieron mucha informacion,inofensivo,
2639,alguien sabe mas sobre eso,inofensivo,
2640,ese tema salio en redes,inofensivo,
2641,vi comentarios variados sobre eso,inofensivo,
2642,algunos opinaban distinto,inofensivo,
2643,hubo debate tranquilo,inofensivo,
2644,nada muy claro aun,inofensivo,
2645,escuche hablar del cangrejo en un programa,inofensivo,
2646,lo mencionaron como referencia,inofensivo,
2647,no explicaron mucho mas,inofensivo,
2648,alguien sabe de donde sale ese nombre,inofensivo,
2649,eso se comenta bastante en redes,inofensivo,
2650,vi memes sobre eso hoy,inofensivo,
2651,tambien hablaron de trump en noticias,inofensivo,
2652,mencionaron temas internacionales,inofensivo,
2653,ese asunto salio en varios medios,inofensivo,
2654,no dieron muchos detalles,inofensivo,
2655,alguien sigue esas noticias,inofensivo,
2656,hablaron de politica global en tv,inofensivo,
2657,ese tema conecta con varios paises,inofensivo,
2658,hubo analisis de expertos,inofensivo,
2659,no todo quedo claro,inofensivo,
2660,alguien vio ese segmento,inofensivo,
2661,los periodistas debatieron varios puntos,inofensivo,
2662,fue un programa largo,inofensivo,
2663,hubo diferentes opiniones,inofensivo,
2664,no todos coincidieron,inofensivo,
2665,eso genero interes,inofensivo,
2666,vi resumenes en redes,inofensivo,
2667,algunos clips eran cortos,inofensivo,
2668,pero daban idea general,inofensivo,
2669,alguien tiene el video completo,inofensivo,
2670,me gustaria verlo,inofensivo,
2671,la cobertura fue amplia hoy,inofensivo,
2672,varios medios hablaron del tema,inofensivo,
2673,cada uno con su enfoque,inofensivo,
2674,eso ayuda a comparar,inofensivo,
2675,aunque confunde a veces,inofensivo,
2676,vi opiniones de periodistas independientes,inofensivo,
2677,analizaron la situacion,inofensivo,
2678,pero sin profundizar mucho,inofensivo,
2679,alguien sigue esos analisis,inofensivo,
2680,son interesantes,inofensivo,
2681,los programas de debate se estan poniendo buenos,inofensivo,
2682,invitan a varios expertos,inofensivo,
2683,cada cual aporta algo,inofensivo,
2684,aunque a veces se repiten,inofensivo,
2685,igual informan bastante,inofensivo,
2686,vi un reportaje hoy temprano,inofensivo,
2687,estaba bien explicado,inofensivo,
2688,aunque corto,inofensivo,
2689,falto mas detalle,inofensivo,
2690,pero se entendio,inofensivo,
2691,las noticias vienen cargadas estos dias,inofensivo,
2692,hay muchos temas en agenda,inofensivo,
2693,no da tiempo a ver todo,inofensivo,
2694,pero se intenta,inofensivo,
2695,al final uno se informa,inofensivo,
2696,las redes tambien aportan info,inofensivo,
2697,aunque hay q filtrar,inofensivo,
2698,no todo es confiable,inofensivo,
2699,pero ayuda a tener idea,inofensivo,
2700,asi uno se mantiene al tanto,inofensivo,
2701,no sigas por ahi porque despues no va a ser lo mismo,amenaza,
2702,mejor paras ahora antes de que esto se complique,amenaza,
2703,si continuas con eso alguien va a reaccionar,amenaza,
2704,te estas metiendo en algo que no te conviene,amenaza,
2705,esto no se va a quedar asi por mucho tiempo,amenaza,
2706,mejor corta eso ya mismo o se pone peor,amenaza,
2707,no sabes lo que puede pasar despues,amenaza,
2708,si no cambias eso vas a tener problemas,amenaza,
2709,esto no termina aqui,amenaza,
2710,te estas buscando algo serio con eso,amenaza,
2711,no es buena idea seguir por ese camino,amenaza,
2712,esto va a traer consecuencias tarde o temprano,amenaza,
2713,si no paras ahora despues sera peor,amenaza,
2714,te conviene pensar bien lo que haces,amenaza,
2715,esto puede escalar rapido si sigue asi,amenaza,
2716,no provoques mas porque alguien va a responder,amenaza,
2717,esto no va a acabar bien si sigues asi,amenaza,
2718,estas jugando con algo que se puede salir de control,amenaza,
2719,mejor deja eso tranquilo antes que pase algo,amenaza,
2720,no te metas donde no te llaman,amenaza,
2721,esto no se queda asi,amenaza,
2722,te estas metiendo en un problema grande,amenaza,
2723,si no haces caso alguien va a tomar accion,amenaza,
2724,no sigas insistiendo con eso,amenaza,
2725,esto se puede poner feo si sigue asi,amenaza,
2726,no sabes con quien te estas metiendo,amenaza,
2727,mejor evita problemas y corta eso,amenaza,
2728,esto no va a quedar asi por mucho tiempo,amenaza,
2729,estas cruzando limites con eso,amenaza,
2730,no es buena idea seguir hablando asi,amenaza,
2731,esto puede terminar mal si no paras,amenaza,
2732,te estas arriesgando demasiado con eso,amenaza,
2733,no deberias seguir provocando,amenaza,
2734,esto no va a pasar desapercibido,amenaza,
2735,si sigues asi alguien va a reaccionar fuerte,amenaza,
2736,no te conviene seguir con eso,amenaza,
2737,esto puede traer problemas serios,amenaza,
2738,no es el momento de seguir asi,amenaza,
2739,mejor piensalo dos veces antes de seguir,amenaza,
2740,esto no va a terminar bien para alguien,amenaza,
2741,no juegues con eso porque tiene consecuencias,amenaza,
2742,esto se va a salir de control si sigue asi,amenaza,
2743,no sigas empujando la situacion,amenaza,
2744,esto no se va a quedar tranquilo,amenaza,
2745,te estas metiendo en algo peligroso,amenaza,
2746,si no paras ahora esto empeora,amenaza,
2747,no sigas porque despues no hay vuelta atras,amenaza,
2748,esto va a generar reaccion si continua,amenaza,
2749,no es buena idea seguir provocando a la gente,amenaza,
2750,esto no va a acabar bien si no paras,amenaza,
2751,te estas metiendo en un lio innecesario,amenaza,
2752,no deberias seguir por ese camino,amenaza,
2753,esto puede escalar rapido si no se detiene,amenaza,
2754,mejor deja eso antes que alguien actue,amenaza,
2755,no sigas insistiendo con eso,amenaza,
2756,esto no va a pasar sin consecuencias,amenaza,
2757,estas provocando una reaccion,amenaza,
2758,no es buena idea seguir con eso,amenaza,
2759,esto no se queda asi,amenaza,
2760,te estas buscando problemas serios,amenaza,
2761,no deberias seguir asi,amenaza,
2762,esto puede volverse complicado,amenaza,
2763,mejor evita seguir por ahi,amenaza,
2764,no sabes lo que puede venir despues,amenaza,
2765,esto no va a terminar tranquilo,amenaza,
2766,no sigas con eso o va a escalar,amenaza,
2767,te estas metiendo en un problema,amenaza,
2768,esto no va a acabar bien,amenaza,
2769,no es buena idea seguir provocando,amenaza,
2770,esto puede tener consecuencias grandes,amenaza,
2771,no sigas empujando esto,amenaza,
2772,te estas metiendo en algo serio,amenaza,
2773,esto no se va a quedar asi nunca,amenaza,
2774,no es momento de seguir asi,amenaza,
2775,esto va a generar problemas si sigue,amenaza,
2776,no deberias continuar con eso,amenaza,
2777,esto puede terminar mal rapido,amenaza,
2778,no te conviene seguir,amenaza,
2779,esto no va a acabar bien para nadie,amenaza,
2780,no sigas con eso ya,amenaza,
2781,te estas buscando un problema grande,amenaza,
2782,esto no se va a quedar en nada,amenaza,
2783,no es buena idea seguir asi,amenaza,
2784,esto puede salirse de control facil,amenaza,
2785,no deberias seguir provocando asi,amenaza,
2786,esto no va a terminar bien si sigue,amenaza,
2787,no sigas con eso o habra reaccion,amenaza,
2788,te estas metiendo en algo complicado,amenaza,
2789,esto no va a quedar asi,amenaza,
2790,no es buena idea continuar con eso,amenaza,
2791,esto puede traer consecuencias fuertes,amenaza,
2792,no deberias seguir por ahi,amenaza,
2793,esto no se va a resolver solo,amenaza,
2794,no sigas con eso o empeora,amenaza,
2795,te estas metiendo en un problema serio,amenaza,
2796,esto no va a terminar bien si sigue asi,amenaza,
2797,no es buena idea seguir provocando,amenaza,
2798,esto puede escalar rapido,amenaza,
2799,no deberias seguir insistiendo,amenaza,
2800,esto no se va a quedar asi nunca,amenaza,
2801,te voy a dar una pela si te veo otra ves por aqui,amenaza,
2802,asere no te pases de la raya q te va a ir mal,amenaza,
2803,si siges con ese cuento te voy a buscar a tu casa,amenaza,
2804,no te hagas el loco q te voy a caer arriba,amenaza,
2805,te lo juro q te rompo la cara si no pares,amenaza,
2806,mejor cuida como hablas porq despues no ai vuelta atras,amenaza,
2807,te voy a dar una galleta q te va a doler un monton,amenaza,
2808,no jueges conmigo porque te arrepentiras toda la vida,amenaza,
2809,si te cruzo en la calle no respondo de mis actos,amenaza,
2810,te voy a reventar la boca si siges hablando mierda,amenaza,
2811,asere te tengo ubicado no te hagas el valiente,amenaza,
2812,te voy a partir las piernas si no te calmas,amenaza,
2813,no me provoques más q te va a pesar mucho,amenaza,
2814,te voy a dar una palisa q no te la vas a creer,amenaza,
2815,si continuas con esa actitud te voy a caer a piñas,amenaza,
2816,mejor corre q cuando te agarre no te va a gustar,amenaza,
2817,te voy a romper el hocico de una vez,amenaza,
2818,no te metas con migo porque soy peor de lo que parezco,amenaza,
2819,te voy a buscar aunque te escondas en la loma,amenaza,
2820,asere ya te lo dije la proxima vez te va a ir peor,amenaza,
2821,te voy a tumbar los dientes si no te tranquilizas,amenaza,
2822,no sigas que te voy a dar una sorpresa fea,amenaza,
2823,te voy a sacar los colores en publico,amenaza,
2824,si te veo otra ves hablando mal te voy a golpear,amenaza,
2825,te voy a hacer una emboscada cuando menos lo esperes,amenaza,
2826,no te confies porque esto no se va a quedar asi,amenaza,
2827,te voy a reventar en la cara delante de to el mundo,amenaza,
2828,asere te estas buscando un boleto pa el hospital,amenaza,
2829,te voy a dar una mano q te va a despertar,amenaza,
2830,si no paras ya te juro q te lloro despues,amenaza,
2831,te voy a romper to los huesos si te veo,amenaza,
2832,no jueges con fuego porque te vas a quemar,amenaza,
2833,te voy a caer en la noche y no te vas a salvar,amenaza,
2834,asere ya te avise que esto no termina bien para ti,amenaza,
2835,te voy a hacer la vida imposible de aqui en adelante,amenaza,
2836,si siges con ese tema te voy a ubicar rapido,amenaza,
2837,te voy a dar una leccion q no vas a olvidar nunca,amenaza,
2838,no te hagas el guapo porque te voy a bajar los humos,amenaza,
2839,te voy a caer a golpes en cuanto te vea,amenaza,
2840,asere no digas que no te adverti porque despues lloras,amenaza,
2841,te voy a romper la cabeza si no te callas,amenaza,
2842,si continuas te voy a dar tu merecido,amenaza,
2843,te voy a buscar hasta debajo de las piedras,amenaza,
2844,no te pases de listo que te voy a frenar yo mismo,amenaza,
2845,te voy a dar una galleta que te va a sonar hasta la proxima semana,amenaza,
2846,asere esto no se queda asi te lo prometo,amenaza,
2847,te voy a reventar a palos cuando te agarre solo,amenaza,
2848,si no paras con ese cuento te voy a cerrar la boca yo mismo,amenaza,
2849,te voy a dar donde mas te duele,amenaza,
2850,no sigas porque la proxima ves te va a ir mucho peor,amenaza,
2851,te voy a partir la cara y despues hablamos,amenaza,
2852,asere no te equivoques que esto va en serio,amenaza,
2853,te voy a hacer un desastre si te vuelvo a ver,amenaza,
2854,si siges con esa mierda te voy a tumbar,amenaza,
2855,te voy a dar una palisa de las que duelen dias,amenaza,
2856,no te metas conmigo porque no te conviene para nada,amenaza,
2857,te voy a caer arriba sin avisar y ahi veremos,amenaza,
2858,asere ya te tengo en la mira no te hagas,amenaza,
2859,te voy a romper la boca de una piña,amenaza,
2860,si no te tranquilizas te voy a hacer pagar caro,amenaza,
2861,te voy a buscar por to los lados no te escapas,amenaza,
2862,no jueges con migo porque yo si cumplo lo que digo,amenaza,
2863,te voy a dar un susto que no te lo esperas,amenaza,
2864,asere preparate que te voy a caer pronto,amenaza,
2865,te voy a reventar la cara si siges jodiendo,amenaza,
2866,si continuas con esa actitud te voy a dejar marca,amenaza,
2867,te voy a dar una pela delante de tos tus amigos,amenaza,
2868,no te hagas el loco porque te voy a ubicar rapido,amenaza,
2869,te voy a romper to si te veo otra ves,amenaza,
2870,asere ya sabes que esto no se queda asi nomas,amenaza,
2871,te voy a caer a golpes y no te va a gustar nada,amenaza,
2872,si siges hablando mal de mi te voy a callar yo mismito,amenaza,
2873,te voy a dar una leccion que te va a servir de por vida,amenaza,
2874,no te pases de la raya que te voy a bajar de la nube,amenaza,
2875,te voy a buscar a tu trabajo si hace falta,amenaza,
2876,asere te lo digo por ultima vez: pares o te caigo,amenaza,
2877,te voy a reventar a galletazos cuando te vea,amenaza,
2878,si no paras con ese cuento te voy a hacer mierda,amenaza,
2879,te voy a dar una piña que te vas a marear,amenaza,
2880,no te confundas que esto va en serio asere,amenaza,
2881,te voy a partir la madre si te veo otra ves,amenaza,
2882,asere no digas que no te avise porque despues no respondo,amenaza,
2883,te voy a caer arriba y no te va a quedar otra,amenaza,
2884,si siges con esa jodia actitud te voy a tumbar los dientes,amenaza,
2885,te voy a dar una pela que te va a doler hasta pensar,amenaza,
2886,no jueges conmigo que te voy a dar tu merecido,amenaza,
2887,te voy a buscar aunque te vallas pa la otra punta,amenaza,
2888,asere ya estas avisado la proxima ves te va a ir mal,amenaza,
2889,te voy a romper la cara con mis propias manos,amenaza,
2890,si no te calmas te voy a hacer un problema enorme,amenaza,
2891,te voy a dar una paliza que no te la cuento,amenaza,
2892,no te metas en mi camino porque te voy a apartar yo,amenaza,
2893,te voy a caer en la madrugada y ahi veremos quien ríe,amenaza,
2894,asere te tengo fichado no te hagas el vivo,amenaza,
2895,te voy a reventar la boca de una vez por todas,amenaza,
2896,si siges con esa mierda te voy a hacer llorar,amenaza,
2897,te voy a dar una galleta que te va a sonar a premio,amenaza,
2898,no sigas porque la proxima ves no te va a pasar na mas,amenaza,
2899,te voy a partir las costillas si te veo otra ves,amenaza,
2900,asere esto no se queda asi te lo juro por mi madre,amenaza,
2901,este gobierno lo va a pagar caro tarde o temprano,amenaza,
2902,se van a acordar de nosotros cuando esto reviente,amenaza,
2903,la policia va a temblar cuando el pueblo se canse,amenaza,
2904,a ustedes les va a llegar su hora y no va a ser bonito,amenaza,
2905,los militares no van a estar tan comodos cuando la gente se plante,amenaza,
2906,esto no se va a quedar asi aunque ustedes crean que si,amenaza,
2907,la seguridad del estado va a correr cuando esto explote,amenaza,
2908,a los de arriba les va a bajar el cielo encima,amenaza,
2909,el gobierno se va a arrepentir de tanta mentira,amenaza,
2910,los jueces van a pagar por tanta injusticia,amenaza,
2911,la PNR va a temblar cuando el pueblo despierte,amenaza,
2912,ustedes no duran para siempre acuerdense de eso,amenaza,
2913,los politicos van a llorar cuando pierdan el poder,amenaza,
2914,a la fiscalia le va a llegar su momento y va a doler,amenaza,
2915,los de la administracion van a ver lo que es bueno,amenaza,
2916,el sistema este se va a caer solito y ahi veremos quien rie,amenaza,
2917,los dirigentes van a correr como ratas cuando esto caiga,amenaza,
2918,a los que mandan hoy los va a barrer la historia,amenaza,
2919,la policia va a sangrar cuando el pueblo se rebele,amenaza,
2920,ustedes no saben lo que se les viene encima,amenaza,
2921,los militares van a esconderse cuando la gente salga a la calle,amenaza,
2922,este gobierno va a terminar mal y todos lo saben,amenaza,
2923,a los de la seguridad les va a pasar factura tanto abuso,amenaza,
2924,los funcionarios van a pedir perdon cuando sea tarde,amenaza,
2925,la institucion esta va a caer tarde o temprano,amenaza,
2926,ustedes no van a tener a quien culpar cuando esto reviente,amenaza,
2927,los jueces corruptos van a pagar cada una de las suyas,amenaza,
2928,la PNR va a llorar sangre cuando el pueblo se canse,amenaza,
2929,a los de arriba les va a llegar su merecido y no va a faltar mucho,amenaza,
2930,el gobierno se va a ahogar en su propia mentira,amenaza,
2931,los policias van a sufrir cuando se les acabe el abuso,amenaza,
2932,ustedes no se van a salvar de la furia del pueblo,amenaza,
2933,los militares van a pedir clemencia cuando sea tarde,amenaza,
2934,este sistema va a colapsar y ahi los veremos llorar,amenaza,
2935,a los dirigentes les va a pasar lo mismo que a otros,amenaza,
2936,la seguridad del estado va a temblar cuando llegue el momento,amenaza,
2937,los de arriba van a sufrir como han hecho sufrir,amenaza,
2938,el gobierno va a pagar por cada abuso cometido,amenaza,
2939,los policias van a esconderse cuando el pueblo se una,amenaza,
2940,ustedes no estan preparados pa lo que se viene,amenaza,
2941,los jueces van a temblar cuando se les acabe el poder,amenaza,
2942,la PNR va a correr cuando el pueblo se plante firme,amenaza,
2943,a los funcionarios les va a llegar su hora y no va a ser bonita,amenaza,
2944,el gobierno se va a arrepentir de tanta represion,amenaza,
2945,los militares van a pagar por vivir del pueblo,amenaza,
2946,ustedes no van a tener escapatoria cuando esto estalle,amenaza,
2947,los de la seguridad van a llorar cuando pierdan el control,amenaza,
2948,este gobierno va a caer y no va a levantar nunca mas,amenaza,
2949,a los dirigentes les va a ir mal por sordos,amenaza,
2950,la policia va a pedir perdon cuando ya no pueda mas,amenaza,
2951,los jueces van a sufrir las consecuencias de su injusticia,amenaza,
2952,el sistema este va a reventar y ahi veremos quien aguanta,amenaza,
2953,a los de arriba les va a llegar el dia y va a doler,amenaza,
2954,los militares van a temblar cuando el pueblo despierte,amenaza,
2955,ustedes no saben lo que es tener al pueblo en contra,amenaza,
2956,la seguridad del estado va a caer como castillo de naipes,amenaza,
2957,los funcionarios van a pagar por vivir de privilegios,amenaza,
2958,el gobierno va a llorar cuando pierda el poder,amenaza,
2959,los policias van a sufrir por cada golpe que dieron,amenaza,
2960,ustedes no duran ni un dia sin el miedo del pueblo,amenaza,
2961,los jueces van a correr cuando se les acabe la proteccion,amenaza,
2962,la PNR va a sangrar cuando el pueblo se canse de tanto abuso,amenaza,
2963,a los de arriba les va a ir mal por abusadores,amenaza,
2964,el gobierno se va a derrumbar solito y ahi los veremos,amenaza,
2965,los militares van a pedir perdon cuando sea muy tarde,amenaza,
2966,ustedes no estan preparados pa la furia que viene,amenaza,
2967,los de la seguridad van a temblar cuando llegue el momento,amenaza,
2968,este sistema va a explotar y no va a quedar ni rastro,amenaza,
2969,a los dirigentes les va a llegar su merecido asi como llego,amenaza,
2970,la policia va a pagar por cada ves que reprimio,amenaza,
2971,los jueces van a llorar cuando se les caiga la mascara,amenaza,
2972,el gobierno va a sufrir como ha hecho sufrir al pueblo,amenaza,
2973,los funcionarios van a correr cuando esto se ponga feo,amenaza,
2974,ustedes no se van a salvar de la historia,amenaza,
2975,los militares van a sangrar por tanto privilegio,amenaza,
2976,la seguridad del estado va a pedir clemencia cuando sea tarde,amenaza,
2977,a los de arriba les va a pasar factura cada mentira,amenaza,
2978,el gobierno se va a acordar de esto cuando ya no pueda,amenaza,
2979,los policias van a temblar cuando el pueblo se levante,amenaza,
2980,ustedes no van a tener a donde correr cuando esto reviente,amenaza,
2981,los jueces van a pagar por vender la justicia,amenaza,
2982,la PNR va a sufrir por cada ves que abuso,amenaza,
2983,a los dirigentes les va a llegar el dia y va a ser negro,amenaza,
2984,el gobierno va a caer como un domino cuando el pueblo diga basta,amenaza,
2985,los militares van a llorar cuando pierdan sus privilegios,amenaza,
2986,ustedes no saben lo que es tener al pueblo encima,amenaza,
2987,los de la seguridad van a pagar por tanto espionaje,amenaza,
2988,este sistema se va a romper y ahi veremos quien rie,amenaza,
2989,a los funcionarios les va a ir mal por no escuchar,amenaza,
2990,la policia va a sangrar cuando se le acabe el poder,amenaza,
2991,los jueces van a temblar cuando la gente los juzgue de verdad,amenaza,
2992,el gobierno se va a arrepentir de cada ves que callo al pueblo,amenaza,
2993,los militares van a correr cuando esto explote,amenaza,
2994,ustedes no estan preparados pa lo que el pueblo guarda,amenaza,
2995,la seguridad del estado va a sufrir por cada inocente preso,amenaza,
2996,a los de arriba les va a llegar su hora y no va a faltar mucho,amenaza,
2997,los policias van a pedir perdon cuando ya no puedan mas,amenaza,
2998,el gobierno va a llorar sangre cuando pierda el control,amenaza,
2999,los dirigentes van a pagar por tanto descaro,amenaza,
3000,esto no se queda asi se lo juro por el pueblo de cuba,amenaza,
3001,le robaron la cartera dentro del hospital mientras esperaba su tuno,hecho_delictivo,
3002,se metieron en la iglesia y se llevaron las limosnas,hecho_delictivo,
3003,un tipo vendiendo leche en polvo adulterada en el barrio,hecho_delictivo,
3004,le hicieron una transferencia falsa por la venta de su nevera,hecho_delictivo,
3005,en la escuela se estan robando los libros de la biblioteca,hecho_delictivo,
3006,a una anciana le sacaron la pension del banco sin su permiso,hecho_delictivo,
3007,se robaron el cobre de los cables del alumbrado público,hecho_delictivo,
3008,un vecino está vendiendo gas butano que roba de los camiones,hecho_delictivo,
3009,le clonaron la tarjeta magnética en el cajero del parque,hecho_delictivo,
3010,se metieron en un centro de salud y robaron jeringuillas y medicinas,hecho_delictivo,
3011,un hombre se hizo pasar por electricista para entrar a robar a una casa,hecho_delictivo,
3012,en la bodega del estado estan desviando aceite para venderlo por la izquierda,hecho_delictivo,
3013,le robaron la moto mientras trabajaba en la construcción,hecho_delictivo,
3014,un grupo de jovenes rompio los vidrios de una parada de guagua,hecho_delictivo,
3015,le hicieron una estafa con la venta de un terreno falso,hecho_delictivo,
3016,en el cementerio robaron las ofrendas de bronce de las tumbas,hecho_delictivo,
3017,un trabajador de la panaderia se lleva bolsas de harina escondidas en su mochila,hecho_delictivo,
3018,le vaciaron la cuenta despues de darle clic a un enlace falso del banco,hecho_delictivo,
3019,se metieron en una escuela primaria y se llevaron los ventiladores,hecho_delictivo,
3020,un repartidor de gas roba medio tanque y lo revende por su cuenta,hecho_delictivo,
3021,le robaron el espejo del carro estacionado en la calle,hecho_delictivo,
3022,en la farmacia comunal se estan perdiendo pañales y leche en polvo,hecho_delictivo,
3023,un funcionario del registro civil pedia dinero extra para acelerar tramites,hecho_delictivo,
3024,le hackearon el perfil de facebook y publicaron cosas ofensivas en su nombre,hecho_delictivo,
3025,se llevaron la rueda de auxilio de un auto estacionado en el reparto,hecho_delictivo,
3026,en el mercado agropecuario estan dando cambio falso a los ancianos,hecho_delictivo,
3027,un vecino se roba la luz con un empalme desde el poste,hecho_delictivo,
3028,le robaron la cartera con todos sus documentos dentro de la guagua,hecho_delictivo,
3029,un tecnico cobro por arreglar una lavadora y nunca volvio,hecho_delictivo,
3030,se metieron en un almaceen estatal de noche y cargaron con sacos de frijoles,hecho_delictivo,
3031,un cliente salio de una tienda sin pagar un televisor escondido,hecho_delictivo,
3032,le marcaron el celular para rastrearlo y despues se lo robaron,hecho_delictivo,
3033,en la peluqueria estaban cobrando un impuesto ilegal por atender rapido,hecho_delictivo,
3034,le robaron la cadena de oro mientras dormia en la guagua,hecho_delictivo,
3035,un conductor de almendron cobraba el doble a los turistas sin permiso,hecho_delictivo,
3036,se robaron el motor de la bomba de agua de la comunidad,hecho_delictivo,
3037,un tipo vendía carnet de identidad falsos en la parada,hecho_delictivo,
3038,le hicieron una estafa con el alquiler de una casa que no existia,hecho_delictivo,
3039,se llevaron las baterias de los camiones repartidores de agua,hecho_delictivo,
3040,en el comedor obrero se roban la comida para venderla afuera,hecho_delictivo,
3041,le robaron la bicicleta del garaje mientras estaba abierto,hecho_delictivo,
3042,un inspector de pesos y medidas pedia soborno para no multar,hecho_delictivo,
3043,se metieron en una bodega y rompieron el candado para robar ron,hecho_delictivo,
3044,le robaron el celular mientras cargaba en la calle,hecho_delictivo,
3045,un enfermero vendia recetas medicas falsas en el consultorio,hecho_delictivo,
3046,se llevaron el transformador del barrio entero,hecho_delictivo,
3047,le hicieron una estafa con un curso online que nunca dieron,hecho_delictivo,
3048,un chofer de tractor se robaba el gasoil para venderlo en garrafones,hecho_delictivo,
3049,le robaron la mochila con la computadora dentro de la universidad,hecho_delictivo,
3050,en la carniceria vendian carne de cerdo con triquina a sabiendas,hecho_delictivo,
3051,un tipo se hizo pasar por trabajador social para entrar a casas de ancianos y robar,hecho_delictivo,
3052,le robaron la rueda delantera de la bicicleta en el centro,hecho_delictivo,
3053,se metieron en una funeraria y robaron los ornamentos de bronce,hecho_delictivo,
3054,un administrador de edificio desvio los fondos de mantenimiento,hecho_delictivo,
3055,le hicieron una transferencia falsa por la venta de una guitarra,hecho_delictivo,
3056,en la tienda de ropa cambiaban etiquetas para cobrar mas,hecho_delictivo,
3057,un cartero abria los sobres y se robaba el dinero que enviaban,hecho_delictivo,
3058,le robaron la bateria del carro en pleno dia,hecho_delictivo,
3059,se llevaron todo el carbon de la panaderia estatal,hecho_delictivo,
3060,un policia pidio dinero para no llevar detenido a un ciudadano,hecho_delictivo,
3061,le robaron la cartera con el pasaporte dentro del taxi,hecho_delictivo,
3062,en el taller de costura se roban las telas importadas,hecho_delictivo,
3063,un mecanico puso piezas usadas y cobro como nuevas,hecho_delictivo,
3064,le hackearon el whatsapp y pidieron dinero a sus contactos como prestamo,hecho_delictivo,
3065,se metieron en una constructora y robaron herramientas,hecho_delictivo,
3066,un voluntario de la iglesia desvio las donaciones para el,hecho_delictivo,
3067,le robaron la sombrilla del carro mientras estaba en el lavadero,hecho_delictivo,
3068,en el cine estaban grabando con camara oculta para estafar,hecho_delictivo,
3069,un inspector sanitario pedia dinero para aprobar un negocio,hecho_delictivo,
3070,le robaron el gato hidraulico del maletero del auto,hecho_delictivo,
3071,se llevaron las tuberias de cobre de una fabrica abandonada,hecho_delictivo,
3072,un recepcionista del hotel vendia habitaciones dobles como suites,hecho_delictivo,
3073,le robaron la cartera con los cupones de la libreta del mercado,hecho_delictivo,
3074,en el restaurante cobraban propina obligatoria sin avisar,hecho_delictivo,
3075,un vigilante se robo las camaras de seguridad del almacen,hecho_delictivo,
3076,le hicieron una estafa con una oferta de viaje falso a la Habana,hecho_delictivo,
3077,se metieron en un parque infantil y robaron los juegos de metal,hecho_delictivo,
3078,un chofer de ambulancia vendia la gasolina del vehiculo,hecho_delictivo,
3079,le robaron la mochila con los libros en la biblioteca,hecho_delictivo,
3080,en la ferreteria vendian pintura rebajada con agua,hecho_delictivo,
3081,un carnicero escondia la carne buena y vendia la mas fea,hecho_delictivo,
3082,le robaron el celular mientras estaba en la consulta medica,hecho_delictivo,
3083,se llevaron los aires acondicionados de una oficina publica,hecho_delictivo,
3084,un repartidor de agua se robaba la mitad de los garrafones,hecho_delictivo,
3085,le hicieron una estafa con una maquina de coser que no servia,hecho_delictivo,
3086,en la papelería vendian hojas recicladas como nuevas,hecho_delictivo,
3087,un cobrador de la guagua daba cambio falso a los pasajeros,hecho_delictivo,
3088,se robaron la puerta de hierro de una casa abandonada,hecho_delictivo,
3089,le robaron la bicicleta del patio de la escuela,hecho_delictivo,
3090,un soldado vendia municion del ejercito por la izquierda,hecho_delictivo,
3091,en la optica vendian gafas graduadas falsas,hecho_delictivo,
3092,le robaron la cartera con el carnet de trabajo dentro del sindicato,hecho_delictivo,
3093,se metieron en una caseta de vigilancia y robaron la radio,hecho_delictivo,
3094,un chofer de tractor robaba la leche de la vaqueria para los vecinos,hecho_delictivo,
3095,le robaron la computadora portatil en la fiesta de la empresa,hecho_delictivo,
3096,en la zapateria vendian zapatos de mala calidad como importados,hecho_delictivo,
3097,un inspector de vialidad pedia dinero para no quitar la licencia,hecho_delictivo,
3098,le robaron el casco de la moto en la universidad,hecho_delictivo,
3099,se llevaron los bancos de la plaza de la comunidad,hecho_delictivo,
3100,un tendero vendia leche cortada como fresca,hecho_delictivo,
3101,le hicieron una estafa con la venta de un juego de sala falso,hecho_delictivo,
3102,en la carniceria estatal se perdian resmas de carne,hecho_delictivo,
3103,un agricultor robo las semillas del almacen comunal,hecho_delictivo,
3104,le robaron los focos del carro estacionado en la calle,hecho_delictivo,
3105,se metieron en una capilla y robaron el copon,hecho_delictivo,
3106,un empleado de correos abria paquetes y se robaba lo de valor,hecho_delictivo,
3107,le robaron la mochila con las llaves de la casa en el parque,hecho_delictivo,
3108,en el gimnasio municipal se robaron las pesas,hecho_delictivo,
3109,un tecnico de refrigeracion cobro por un trabajo y dejo todo peor,hecho_delictivo,
3110,le robaron el cargador del celular en la sala de espera,hecho_delictivo,
3111,se llevaron los barrotes de hierro de una ventana abandonada,hecho_delictivo,
3112,un guardia de seguridad se robo la mercancia que vigilaba,hecho_delictivo,
3113,le robaron la bicicleta electrica en un minuto descuidado,hecho_delictivo,
3114,en la dulceria vendian dulces vencidos con fecha cambiada,hecho_delictivo,
3115,un conserje de la escuela se robaba los materiales de limpieza,hecho_delictivo,
3116,le robaron la sombrilla de la terraza del departamento,hecho_delictivo,
3117,se metieron en un tren de carga y robaron sacos de azucar,hecho_delictivo,
3118,un pescador robaba las redes del puerto para venderlas,hecho_delictivo,
3119,le robaron la cartera con la cartilla medica en la sala de espera,hecho_delictivo,
3120,en la peluqueria estatal cobraban el corte doble a los ancianos,hecho_delictivo,
3121,un conductor de la ruta se saltaba paradas para cobrar mas,hecho_delictivo,
3122,le robaron la tablet dentro del cine,hecho_delictivo,
3123,se llevaron el toldo de una tienda de campaña en la playa,hecho_delictivo,
3124,un vendedor ambulante daba vueltos con monedas falsas,hecho_delictivo,
3125,le robaron la bicicleta del corredor del edificio,hecho_delictivo,
3126,en el taller de calzado vendian zapatos de cuero falso,hecho_delictivo,
3127,un inspector de trabajo pedia coima para no multar a la empresa,hecho_delictivo,
3128,le robaron la memoria usb con sus clases en la universidad,hecho_delictivo,
3129,se metieron en un almacen de materiales y robaron cemento,hecho_delictivo,
3130,un vendedor de periodicos mentia sobre el cambio de moneda,hecho_delictivo,
3131,le robaron la calculadora dentro del salon de clases,hecho_delictivo,
3132,en la funeraria vendian cajas de carton como madera fina,hecho_delictivo,
3133,un repartidor de pan se robaba las bolsas completas,hecho_delictivo,
3134,le robaron la mochila con el uniforme del trabajo,hecho_delictivo,
3135,se llevaron el porton de hierro de una casa en construccion,hecho_delictivo,
3136,un profesor vendia examenes aprobados por la izquierda,hecho_delictivo,
3137,le robaron el cargador portatil en la biblioteca,hecho_delictivo,
3138,en la cafeteria vendian cafe molido con cascara,hecho_delictivo,
3139,un cartero repartia sobres vacios y se quedaba con el contenido,hecho_delictivo,
3140,le robaron la gorra en el estadio de beisbol,hecho_delictivo,
3141,se metieron en un galpon de pollos y robaron decenas de aves,hecho_delictivo,
3142,un vendedor de helados adulteraba los productos con agua,hecho_delictivo,
3143,le robaron la cartera con las fotos de su hijo,hecho_delictivo,
3144,en la lavanderia estatal se perdian las sabanas de los clientes,hecho_delictivo,
3145,un electricista particular cobraba por arreglos que no hacia,hecho_delictivo,
3146,le robaron el radio del carro en el estacionamiento del hospital,hecho_delictivo,
3147,se llevaron las rejas de la ventana de una bodega,hecho_delictivo,
3148,un tendero vendia arroz con gorgojo como nuevo,hecho_delictivo,
3149,le robaron la cartera con la licencia de conducir en la cola del medico,hecho_delictivo,
3150,en el poligrafico se robaban las resmas de papel,hecho_delictivo,
3151,un chofer de carreta se robaba la carga de cebollas,hecho_delictivo,
3152,le robaron la memoria sd de la camara de fotos,hecho_delictivo,
3153,se metieron en un almacen de pinturas y robaron galones,hecho_delictivo,
3154,un jardinero publico se llevaba las herramientas del municipio,hecho_delictivo,
3155,le robaron el tapabocas con filtro de la mochila,hecho_delictivo,
3156,en la veterinaria vendian vacunas vencidas como nuevas,hecho_delictivo,
3157,un repartidor de agua de coco la adulteraba con azucar,hecho_delictivo,
3158,le robaron la cartera con el acta de nacimiento,hecho_delictivo,
3159,se llevaron los vidrios de una cabina telefonica publica,hecho_delictivo,
3160,un barbero cobraba extra por usar maquina electrica,hecho_delictivo,
3161,le robaron la birome de plata en la oficina,hecho_delictivo,
3162,en la ferreteria vendian pegamento rebajado con agua,hecho_delictivo,
3163,un jardinero privado se llevaba las plantas de la casa que cuidaba,hecho_delictivo,
3164,le robaron la cartera con el seguro medico en la guagua,hecho_delictivo,
3165,se metieron en una lecheria y robaron la maquina de ordeño,hecho_delictivo,
3166,un acomodador de cine vendia asientos dobles sin permiso,hecho_delictivo,
3167,le robaron el desodorante de la mochila en el gimnasio,hecho_delictivo,
3168,en la jugueteria vendian juguetes rotos como nuevos,hecho_delictivo,
3169,un empaquetador del mercado pedia dinero extra por poner en bolsa,hecho_delictivo,
3170,le robaron la cartera con los boletos de la rifa,hecho_delictivo,
3171,se llevaron el tanque de gas de una casa vacia,hecho_delictivo,
3172,un mensajero abria los paquetes y se robaba lo que le gustaba,hecho_delictivo,
3173,le robaron la memoria ram de la computadora de la oficina,hecho_delictivo,
3174,en la zapateria reparaban con material viejo y cobraban como nuevo,hecho_delictivo,
3175,un vendedor de verduras daba menos peso en la bascula,hecho_delictivo,
3176,le robaron el cuchillo de cocina en el mercado,hecho_delictivo,
3177,se metieron en una guarderia y robaron los juguetes,hecho_delictivo,
3178,un barrendero municipal se llevaba las escobas del deposito,hecho_delictivo,
3179,le robaron la cartera con el carnet de biblioteca,hecho_delictivo,
3180,en la tienda de electronicos vendian cables usados como nuevos,hecho_delictivo,
3181,un voluntario de la campaña sanitaria se robaba las pastillas,hecho_delictivo,
3182,le robaron la navaja de bolsillo en la calle,hecho_delictivo,
3183,se llevaron las bandejas de una panaderia publica,hecho_delictivo,
3184,un profe de conduccion cobraba extra por examen sin hacerlo,hecho_delictivo,
3185,le robaron la bicicleta con canastilla incluida,hecho_delictivo,
3186,en la fruteria vendian frutas podridas con la parte buena visible,hecho_delictivo,
3187,un conserje de hospital se robaba las sabanas limpias,hecho_delictivo,
3188,le robaron el cargador del portatil en el aeropuerto,hecho_delictivo,
3189,se metieron en un deposito de ropa y robaron fardos enteros,hecho_delictivo,
3190,un vendedor de seguros falsos estafaba a los ancianos,hecho_delictivo,
3191,le robaron la cartera con los documentos del carro,hecho_delictivo,
3192,en el salon de belleza vendian cremas vencidas,hecho_delictivo,
3193,un volantero daba informacion falsa sobre la ubicacion de oficinas,hecho_delictivo,
3194,le robaron la parrilla del carro en el estacionamiento,hecho_delictivo,
3195,se llevaron el marco de una ventana de aluminio,hecho_delictivo,
3196,un repartidor de pizzas se robaba la mitad de los pedidos,hecho_delictivo,
3197,le robaron la cartera con las llaves de la oficina,hecho_delictivo,
3198,en el acuario vendian peces muertos como vivos,hecho_delictivo,
3199,un jardinero de la plaza se llevaba las flores,hecho_delictivo,
3200,le robaron la cubierta de la moto mientras cenaba,hecho_delictivo,
3201,se metieron en una carboneria y robaron sacos,hecho_delictivo,
3202,un carnicero vendia carne de caballo como res,hecho_delictivo,
3203,le robaron la bufanda en el autobus,hecho_delictivo,
3204,en el estanco vendian cigarros sueltos sueltos como de cajetilla,hecho_delictivo,
3205,un guardabosques se robaba la madera del parque nacional,hecho_delictivo,
3206,le robaron la gorra de beisbol firmada,hecho_delictivo,
3207,se llevaron la antena de la television comunitaria,hecho_delictivo,
3208,un socorrista de la piscina cobraba por cuidar pertenencias,hecho_delictivo,
3209,le robaron la calculadora grafica en la universidad,hecho_delictivo,
3210,en la relojeria vendian baterias usadas como nuevas,hecho_delictivo,
3211,un vigilante del parque se llevaba las bancas,hecho_delictivo,
3212,le robaron la cartera con la foto de la virgen,hecho_delictivo,
3213,se metieron en un molino y robaron sacos de harina,hecho_delictivo,
3214,un profesor de musica cobraba por clases que no daba,hecho_delictivo,
3215,le robaron el pendrive con su tesis,hecho_delictivo,
3216,en el taller de ebanisteria vendian muebles de carton prensado,hecho_delictivo,
3217,un repartidor de aceite lo rebajaba con agua,hecho_delictivo,
3218,le robaron la cartera con el pasaporte en el cafe,hecho_delictivo,
3219,se llevaron el extintor de un edificio publico,hecho_delictivo,
3220,un vendedor de periodicos mentia sobre noticias para vender mas,hecho_delictivo,
3221,le robaron la cartera con el talonario de cheques,hecho_delictivo,
3222,en la vinateria vendian ron adulterado,hecho_delictivo,
3223,un electricista de la empresa publica desviaba cables a su casa,hecho_delictivo,
3224,le robaron los audifonos inalambricos en el gym,hecho_delictivo,
3225,se metieron en un vivero y robaron plantas ornamentales,hecho_delictivo,
3226,un acomodador del teatro vendia el mismo asiento dos veces,hecho_delictivo,
3227,le robaron la cartera con el certificado de vacunacion,hecho_delictivo,
3228,en la papelería vendian lapices usados como nuevos,hecho_delictivo,
3229,un chofer de grua cobraba por sacar carros sin necesidad,hecho_delictivo,
3230,le robaron la cartera con las tarjetas de regalo,hecho_delictivo,
3231,se llevaron las lamas de una persiana de aluminio,hecho_delictivo,
3232,un vendedor de flores las regaba para que pesaran mas,hecho_delictivo,
3233,le robaron el sombrero en la playa,hecho_delictivo,
3234,en la fotocopiadora vendian copias borrosas como originales,hecho_delictivo,
3235,un barrendero se llevaba las bolsas de basura sin vaciar,hecho_delictivo,
3236,le robaron la mochila con los medicamentos del hospital,hecho_delictivo,
3237,se metieron en un huerto comunitario y robaron verduras,hecho_delictivo,
3238,un plomero cobraba por arreglos inventados,hecho_delictivo,
3239,le robaron la cartera con la llave maestra del edificio,hecho_delictivo,
3240,en la joyeria vendian bisuteria como oro,hecho_delictivo,
3241,un repartidor de gas ponia menos kilos de los pagados,hecho_delictivo,
3242,le robaron la cartera con la carta de recomendacion,hecho_delictivo,
3243,se llevaron el toldo publicitario de una fabrica,hecho_delictivo,
3244,un instructor de yoga cobraba clases sin tener titulo,hecho_delictivo,
3245,le robaron el abrigo en el teatro,hecho_delictivo,
3246,en la pescaderia vendian pescado congelado como fresco,hecho_delictivo,
3247,un vigilante nocturno se robaba la mercancia que cuidaba,hecho_delictivo,
3248,le robaron la cartera con el recibo de la luz,hecho_delictivo,
3249,se metieron en un saladito y robaron ropa usada,hecho_delictivo,
3250,un vendedor de periodicos daba vueltos con billetes rotos,hecho_delictivo,
3251,le robaron la cartera con el pasaporte en la playa,hecho_delictivo,
3252,en la cerrajeria copiaban llaves con mal fision,hecho_delictivo,
3253,un jardinero de la alcaldia se llevaba las podadoras,hecho_delictivo,
3254,le robaron la cartera con la carta de apertura de cuenta,hecho_delictivo,
3255,se llevaron el cartel luminoso de una iglesia,hecho_delictivo,
3256,un socorrista de la playa cobraba por prestar salvavidas,hecho_delictivo,
3257,le robaron la cartera con el permiso de circulacion,hecho_delictivo,
3258,en la floristeria vendian flores secas como frescas,hecho_delictivo,
3259,un acomodador del bus cobraba pasaje de mas a los turistas,hecho_delictivo,
3260,le robaron la cartera con el abono transportista,hecho_delictivo,
3261,se metieron en un taller de costura y robaron maquinas,hecho_delictivo,
3262,un vendedor de libros usados arrancaba paginas,hecho_delictivo,
3263,le robaron la cartera con las fotos de la boda,hecho_delictivo,
3264,en la farmacia privada vendian medicamentos vencidos,hecho_delictivo,
3265,un basurero se llevaba las botellas vacias para venderlas,hecho_delictivo,
3266,le robaron la cartera con la lista del mercado,hecho_delictivo,
3267,se llevaron la puerta del baño de un centro recreativo,hecho_delictivo,
3268,un vendedor de caramelos los pesaba con la mano,hecho_delictivo,
3269,le robaron la cartera con la credencial de la piscina,hecho_delictivo,
3270,en la tintoreria perdian la ropa y decian que no,hecho_delictivo,
3271,un guarda de seguridad del banco daba informacion falsa a los clientes,hecho_delictivo,
3272,le robaron la cartera con los comprobantes de pago,hecho_delictivo,
3273,se metieron en una mascota y robaron animales pequeños,hecho_delictivo,
3274,un vendedor de diarios mentia sobre el cambio de moneda extranjera,hecho_delictivo,
3275,le robaron la cartera con el carnet de la biblioteca infantil,hecho_delictivo,
3276,en la papelería vendian cartulinas recicladas como nuevas,hecho_delictivo,
3277,un tecnico de ascensores cobraba por mantenimiento sin hacerlo,hecho_delictivo,
3278,le robaron la cartera con los sellos postales del abuelo,hecho_delictivo,
3279,se llevaron las macetas de un parque,hecho_delictivo,
3280,un barrendero privado cobraba dos veces por la misma cuadra,hecho_delictivo,
3281,le robaron la cartera con la receta medica,hecho_delictivo,
3282,en la carniceria de pollos vendian pollo congelado y tiraban el fresco,hecho_delictivo,
3283,un repartidor de mensajeria abria las cartas y las leia,hecho_delictivo,
3284,le robaron la cartera con el permiso de pesca,hecho_delictivo,
3285,se metieron en un deposito de pan y robaron moldes,hecho_delictivo,
3286,un vendedor de garaje vendia cosas robadas sin saberlo,hecho_delictivo,
3287,le robaron la cartera con las fotos de la infancia,hecho_delictivo,
3288,en la optica vendian gafas sin proteccion uv como con ella,hecho_delictivo,
3289,un guarda de un museo se llevaba las monedas de la fuente,hecho_delictivo,
3290,le robaron la cartera con el pasaporte en la oficina de turismo,hecho_delictivo,
3291,se llevaron las sillas de una escuela rural,hecho_delictivo,
3292,un jardinero del parque se llevaba las regaderas,hecho_delictivo,
3293,le robaron la cartera con los vales de comida,hecho_delictivo,
3294,en la veterinaria vendian collares falsos como anti garrapatas,hecho_delictivo,
3295,un carnicero vendia menudencias como filete,hecho_delictivo,
3296,le robaron la cartera con la carta de la loteria,hecho_delictivo,
3297,se metieron en un salon de fiestas y robaron la nevera,hecho_delictivo,
3298,un vigilante de un edificio se llevaba los paquetes de los inquilinos,hecho_delictivo,
3299,le robaron la cartera con la llave del candado de la bici,hecho_delictivo,
3300,en la jugueteria vendian juegos de mesa con piezas faltantes,hecho_delictivo,
3301,los haitianos solo vienen a traer enfermedades y desgracias,discurso_odio,
3302,las feministas son unas exageradas que quieren destruir la familia,discurso_odio,
3303,los viejos no deberian manejar ni opinar de nada moderno,discurso_odio,
3304,los pobres son unos vagos q no quieren trabajar,discurso_odio,
3305,los chinos solo piensan en robar negocios y explotar trabajadores,discurso_odio,
3306,los gordos dan asco y no deberian salir en traje de baño,discurso_odio,
3307,los musulmanes son todos terroristas en potencia,discurso_odio,
3308,los judios solo piensan en el dinero y controlar el mundo,discurso_odio,
3309,los discapacitados son una carga para la sociedad,discurso_odio,
3310,los hindues son unos sucios y atrasados,discurso_odio,
3311,los coreanos son todos iguales de plasticos y falsos,discurso_odio,
3312,los argentinos se creen europeos pero son unos sudacas igual q nosotros,discurso_odio,
3313,los dominicanos son unos come mierda que viven del cuento,discurso_odio,
3314,los mexicanos son unos narcos y traficantes todos,discurso_odio,
3315,los venezolanos huelen mal y solo saben pedir limosna,discurso_odio,
3316,los colombianos son todos narcos y prostitutos,discurso_odio,
3317,los puertorriqueños son unos vendepatrias q se creen americanos,discurso_odio,
3318,los españoles son unos colonizadores abusadores,discurso_odio,
3319,los franceses son unos creidos y cobardes,discurso_odio,
3320,los italianos solo saben gritar y gestikular,discurso_odio,
3321,los alemanes son frios y sin sentimientos,discurso_odio,
3322,los rusos son unos borrachos comunistas,discurso_odio,
3323,los gitanos son unos estafadores que no trabajan,discurso_odio,
3324,los testigos de jehova son una secta peligrosa,discurso_odio,
3325,los mormones son unos poligamos ridiculos,discurso_odio,
3326,los ateos no tienen moral ni principio ninguno,discurso_odio,
3327,los catolicos son unos hipocritas q abusan niños,discurso_odio,
3328,los evangelicos solo quieren robar diezmos,discurso_odio,
3329,los santeros son unos brujos embusteros,discurso_odio,
3330,los budistas son unos vagos que no hacen nada util,discurso_odio,
3331,los zurdos son unos trastornados que deberian corregirse,discurso_odio,
3332,los calvos son feos y parecen huevos,discurso_odio,
3333,los pelirrojos no tienen alma y son malos,discurso_odio,
3334,los altos son unos torpes que no caben en ningun lado,discurso_odio,
3335,los bajitos tienen complejo de napoleon y son agresivos,discurso_odio,
3336,los flacos parecen esqueletos y dan asco,discurso_odio,
3337,los morenos son unos brutos y primitivos,discurso_odio,
3338,los blancos son unos frios que no tienen ritmo,discurso_odio,
3339,los indigenas son unos borrachos perezosos,discurso_odio,
3340,los asiaticos son todos iguales y no se les entiende nada,discurso_odio,
3341,los africanos son unos salvajes que viven en la miseria por culpa suya,discurso_odio,
3342,los arabes son unos machistas que maltratan mujeres,discurso_odio,
3343,los turcos son unos mentirosos y tramposos,discurso_odio,
3344,los brasileños son unos fiesteros sin responsabilidad,discurso_odio,
3345,los chilenos son unos engreidos y amargados,discurso_odio,
3346,los peruanos son unos come culo y traicioneros,discurso_odio,
3347,los ecuatorianos son unos llorones y victimistas,discurso_odio,
3348,los bolivianos son unos indios ignorantes,discurso_odio,
3349,los paraguayos son unos pobretones y brutos,discurso_odio,
3350,los uruguayos son unos lentos y aburridos,discurso_odio,
3351,los costarricenses son unos falsos pacifistas,discurso_odio,
3352,los panameños son unos vendidos del canal,discurso_odio,
3353,los nicaraguenses son unos pobres agresivos,discurso_odio,
3354,los hondureños son unos nacos y desordenados,discurso_odio,
3355,los salvadoreños son unos pandilleros todos,discurso_odio,
3356,los guatemaltecos son unos indios sucios,discurso_odio,
3357,los haitianos son unos come tierra y brujos,discurso_odio,
3358,los jamaiquinos son unos marihuaneros violentos,discurso_odio,
3359,los bahameses son unos ricos arrogantes,discurso_odio,
3360,los canadienses son unos frios que hablan raro,discurso_odio,
3361,los gringos son unos imperialistas estupidos,discurso_odio,
3362,los ingleses son unos dentistas malos y aburridos,discurso_odio,
3363,los holandeses son unos drogadictos legales,discurso_odio,
3364,los belgas son unos tontos sin personalidad,discurso_odio,
3365,los suizos son unos ratas que guardan todo,discurso_odio,
3366,los suecos son unos socialistas debiles,discurso_odio,
3367,los noruegos son unos millonarios aburridos,discurso_odio,
3368,los daneses son unos borrachos nordicos,discurso_odio,
3369,los polacos son unos brutos y conservadores,discurso_odio,
3370,los checos son unos ateos sin alma,discurso_odio,
3371,los eslovacos son unos pobres del este,discurso_odio,
3372,los hungaros son unos tristes y quejosos,discurso_odio,
3373,los rumanos son unos gitanos ladrones,discurso_odio,
3374,los búlgaros son unos corruptos y sucios,discurso_odio,
3375,los serbios son unos genocidas agresivos,discurso_odio,
3376,los croatas son unos fascistas disfrazados,discurso_odio,
3377,los bosnios son unos musulmanes radicales,discurso_odio,
3378,los albaneses son unos mafiosos pobres,discurso_odio,
3379,los griegos son unos vagos que viven del pasado,discurso_odio,
3380,los turcos son unos neo otomanos imperialistas,discurso_odio,
3381,los libaneses son unos comerciantes estafadores,discurso_odio,
3382,los sirios son unos terroristas que huyen,discurso_odio,
3383,los iraquies son unos locos de la guerra,discurso_odio,
3384,los iranies son unos fanaticos religiosos,discurso_odio,
3385,los afganos son unos tribales incivilizados,discurso_odio,
3386,los pakistanies son unos extremistas misoginos,discurso_odio,
3387,los indios son unos castas sucias y atrasadas,discurso_odio,
3388,los nepalies son unos pobres montañeses,discurso_odio,
3389,los tailandeses son unos prostibuleros baratos,discurso_odio,
3390,los vietnamitas son unos comunistas come perros,discurso_odio,
3391,los camboyanos son unos campesinos brutos,discurso_odio,
3392,los filipinos son unos catolicos pobres y sumisos,discurso_odio,
3393,los indonesios son unos musulmanes radicales pobres,discurso_odio,
3394,los malayos son unos vagos con petroleo,discurso_odio,
3395,los australianos son unos britanicos delincuentes,discurso_odio,
3396,los neozelandeses son unos granjeros aburridos,discurso_odio,
3397,los papuas son unos canibales modernos,discurso_odio,
3398,los isleños del pacifico son unos gordos que se hunden,discurso_odio,
3399,los gays deberian estar encerrados en manicomios,discurso_odio,
3400,las lesbianas son mujeres q no encontraron hombre bueno,discurso_odio,
3401,los trans son unos enfermos mentales q se mutilan,discurso_odio,
3402,los bisexuales son unos indecisos promiscuos,discurso_odio,
3403,los pansexuales son unos ridiculos q inventan generos,discurso_odio,
3404,los asexuales son unos amargados q no sienten nada,discurso_odio,
3405,los queer son una moda estupida de niños ricos,discurso_odio,
3406,los no binaries son unos atencionistas ridiculos,discurso_odio,
3407,los intersexuales son anomalias de la naturaleza,discurso_odio,
3408,los travestis son hombres q no aceptan su sexo,discurso_odio,
3409,las mujeres solo sirven para la cocina y parir,discurso_odio,
3410,los hombres son unos brutos q solo piensan en sexo,discurso_odio,
3411,las solteronas son unas amargadas q odian a todos,discurso_odio,
3412,los solteros son unos infantiles q no se quieren comprometer,discurso_odio,
3413,las divorciadas son unas fracasadas,discurso_odio,
3414,los divorciados son unos perdedores q no supieron mantener su casa,discurso_odio,
3415,las madres solteras son unas promiscuas irresponsables,discurso_odio,
3416,los padres ausentes son unos cobardes q se rajan,discurso_odio,
3417,los hijos unicos son unos malcriados y egoistas,discurso_odio,
3418,los pobres no deberian tener hijos si no pueden mantenerlos,discurso_odio,
3419,los ricos son unos explotadores q roban al pueblo,discurso_odio,
3420,los clase media son unos aspiracionistas ridiculos,discurso_odio,
3421,los artistas son unos vagos q no quieren trabajar de verdad,discurso_odio,
3422,los politicos son todos unos ladrones sin excepcion,discurso_odio,
3423,los periodistas son unos mentirosos vendidos,discurso_odio,
3424,los jueces son unos corruptos q venden justicia,discurso_odio,
3425,los abogados son unos chupasangre q viven de problemas ajenos,discurso_odio,
3426,los medicos son unos asesinos de batas blancas,discurso_odio,
3427,los enfermeros son unos brutos q no estudiaron bien,discurso_odio,
3428,los maestros son unos fracasados q no pudieron ser profesionales,discurso_odio,
3429,los ingenieros son unos creidos q todo lo saben,discurso_odio,
3430,los arquitectos son unos artistas q no calculan bien,discurso_odio,
3431,los contables son unos ratas q roban con calculadora,discurso_odio,
3432,los informaticos son unos antisociales q viven encerrados,discurso_odio,
3433,los psicologos son unos charlatanes q te roban la plata,discurso_odio,
3434,los psiquiatras son unos farmaceutas q te dopan,discurso_odio,
3435,los veterinarios son unos matasanos de animales,discurso_odio,
3436,los dentistas son unos sádicos q te torturan,discurso_odio,
3437,los odontologos son unos careros q te arrancan la muela,discurso_odio,
3438,los optometristas son unos vende gafas estafadores,discurso_odio,
3439,los kinesiologos son unos masajistas falsos,discurso_odio,
3440,los nutricionistas son unos flacos q venden dietas imposibles,discurso_odio,
3441,los entrenadores personales son unos inflados q no saben nada,discurso_odio,
3442,los vendedores son unos mentirosos q te clavan lo q sea,discurso_odio,
3443,los camareros son unos lentos q se creen q te hacen un favor,discurso_odio,
3444,los taxistas son unos ladrones q se aprovechan de la necesidad,discurso_odio,
3445,los choferes de guagua son unos brutos q manejan como monos,discurso_odio,
3446,los mecanicos son unos chantas q te ponen piezas viejas,discurso_odio,
3447,los electricistas son unos improvisados q te queman la casa,discurso_odio,
3448,los plomeros son unos cochinos q te dejan todo mojado,discurso_odio,
3449,los albañiles son unos borrachos q trabajan mal,discurso_odio,
3450,los pintores son unos dejados q te manchan todo,discurso_odio,
3451,los carpinteros son unos lentos q no cumplen plazos,discurso_odio,
3452,los soldadores son unos ciegos q no ven lo q hacen,discurso_odio,
3453,los herreros son unos machistas q trabajan con fuerza bruta,discurso_odio,
3454,los cerrajeros son unos pordioseros q te cobran un ojo de la cara,discurso_odio,
3455,los vigilantes son unos cobardes q solo molestan a los pobres,discurso_odio,
3456,los militares son unos asesinos entrenados,discurso_odio,
3457,los policias son unos abusadores q se creen la ley,discurso_odio,
3458,los bomberos son unos lentos q siempre llegan tarde,discurso_odio,
3459,los paramedicos son unos frios q tratan mal a los heridos,discurso_odio,
3460,los politicos de izquierda son unos comunistas q roban con bandera,discurso_odio,
3461,los politicos de derecha son unos fascistas q odian al pueblo,discurso_odio,
3462,los liberales son unos egoistas q piensan en su bolsillo,discurso_odio,
3463,los anarquistas son unos vándalos q no respetan nada,discurso_odio,
3464,los nacionalistas son unos xenofobos peligrosos,discurso_odio,
3465,los globalistas son unos vendepatrias q quieren destruir las naciones,discurso_odio,
3466,los ecologistas son unos fanaticos q odian el progreso,discurso_odio,
3467,los animalistas son unos ridiculos q quieren mas a los perros q a las personas,discurso_odio,
3468,los veganos son unos llorones q se creen superiores,discurso_odio,
3469,los vegetarianos son unos hipocritas q matan plantas,discurso_odio,
3470,los carnívoros son unos asesinos de animales sin remordimiento,discurso_odio,
3471,los fumadores son unos viciosos q huelen mal y matan a los demas,discurso_odio,
3472,los bebedores son unos alcohólicos q dañan a sus familias,discurso_odio,
3473,los drogadictos son unos muertos de hambre q no sirven pa na,discurso_odio,
3474,los ludopatas son unos enfermos q tiran la plata,discurso_odio,
3475,los adictos al celular son unos zombies sociales,discurso_odio,
3476,los gamers son unos antisociales q viven en un mundo falso,discurso_odio,
3477,los otakus son unos raritos q se creen japoneses,discurso_odio,
3478,los frikis son unos ridiculos q visten mal y no ligan,discurso_odio,
3479,los hipsters son unos falsos progres q aparentan ser diferentes,discurso_odio,
3480,los punks son unos sucios violentos q no se bañan,discurso_odio,
3481,los metaleros son unos satanicos agresivos,discurso_odio,
3482,los reggaetoneros son unos nacos q escuchan basura,discurso_odio,
3483,los salseros son unos viejos q viven del pasado,discurso_odio,
3484,los soneros son unos creidos q improvisan estupideces,discurso_odio,
3485,los raperos son unos delincuentes q hablan de drogas y armas,discurso_odio,
3486,los trap llamados son unos ridiculos q se creen malotes,discurso_odio,
3487,los rockeros son unos borrachos q se creen rebeldes,discurso_odio,
3488,los poperos son unos comerciales sin talento,discurso_odio,
3489,los clásicos son unos aburridos q solo escuchan musica muerta,discurso_odio,
3490,los bandistas son unos matones q tocan instrumentos feas,discurso_odio,
3491,los de ciegos son unos pobres diablos q no llegan a musicos,discurso_odio,
3492,los músicos callejeros son unos mendigos ruidosos,discurso_odio,
3493,los dj son unos pincha discos q no saben tocar nada,discurso_odio,
3494,los productores musicales son unos robots q usan computadoras,discurso_odio,
3495,los bailarines son unos afeminados q gesticulan raro,discurso_odio,
3496,los actores son unos mentirosos profesionales q viven de aparentar,discurso_odio,
3497,los comediantes son unos infelices q hacen reír con dolor ajeno,discurso_odio,
3498,los deportistas son unos brutos q no sirven pa estudiar,discurso_odio,
3499,los futbolistas son unos millonarios q se tiran al suelo,discurso_odio,
3500,los beisbolistas son unos lentos q se rascan todo el tiempo,discurso_odio,
3501,los basquetbolistas son unos gigantes torpes,discurso_odio,
3502,los tenistas son unos frescos q juegan deporte de ricos,discurso_odio,
3503,los boxeadores son unos brutos q se dañan el cerebro,discurso_odio,
3504,los luchadores son unos farsantes con show montado,discurso_odio,
3505,los nadadores son unos sapos q se creen peces,discurso_odio,
3506,los corredores son unos flacos q no tienen fuerza,discurso_odio,
3507,los culturistas son unos inflados q no pueden ni rascarse la espalda,discurso_odio,
3508,los yoga son unos estiraditos que se creen espirituales,discurso_odio,
3509,los meditadores son unos vagos q no hacen nada y lo llaman paz,discurso_odio,
3510,los influencers son unos ridiculos q viven de aparentar vidas falsas,discurso_odio,
3511,los youtubers son unos desempleados q graban tonterias,discurso_odio,
3512,los tiktokeros son unos bailarines ridiculos sin talento,discurso_odio,
3513,los instagramers son unos farsantes q viven de filtros y mentiras,discurso_odio,
3514,los bloggers son unos escribidores q no saben ni redactar,discurso_odio,
3515,los vloggers son unos egocentricos q se filman todo el dia,discurso_odio,
3516,los streamers son unos viciosos q ven a otros jugar,discurso_odio,
3517,los podcasters son unos habladores q nadie escucha,discurso_odio,
3518,los freelancers son unos vagos q trabajan desde la cama,discurso_odio,
3519,los emprendedores son unos estafadores de humo,discurso_odio,
3520,los comerciantes son unos explotadores q venden caro,discurso_odio,
3521,los revendedores son unas ratas q acaparan productos,discurso_odio,
3522,los cuentapropistas son unos evasores de impuestos,discurso_odio,
3523,los dueños de mipymes son unos negreros q pagan miseria,discurso_odio,
3524,los gerentes son unos lamebotas q solo piensan en sus bonos,discurso_odio,
3525,los jefes son unos abusadores q tratan mal a los empleados,discurso_odio,
3526,los sindicalistas son unos vagos q viven de las cuotas,discurso_odio,
3527,los funcionarios son unos parasitos del estado,discurso_odio,
3528,los politiqueros son unos tramposos q solo quieren votos,discurso_odio,
3529,los activistas son unos llorones q protestan por todo,discurso_odio,
3530,los manifestantes son unos violentos q rompen todo,discurso_odio,
3531,los piqueteros son unos vagos q cobran planes sociales,discurso_odio,
3532,los okupas son unos delincuentes q roban viviendas,discurso_odio,
3533,los cartoneros son unos sucios q revuelven basura,discurso_odio,
3534,los recicladores son unos pobres q viven de la mugre,discurso_odio,
3535,los lavacoches son unos oportunistas q te roban el auto,discurso_odio,
3536,los cuidacoches son unos extorsionadores disfrazados,discurso_odio,
3537,los limpia vidrios son unos molestos q te rompen el espejo si no pagas,discurso_odio,
3538,los vendedores ambulantes son unos sucios q te tapan la calle,discurso_odio,
3539,los buzos son unos rateros q viven del morlaco,discurso_odio,
3540,los tranzas son unos muertos de hambre q roban en cada negocio,discurso_odio,
3541,los coleros son unos vividores q venden el puesto,discurso_odio,
3542,los revendedores de medicina son unos muertos de hambre asesinos,discurso_odio,
3543,los acaparadores son unas ratas q guardan comida mientras otros pasan hambre,discurso_odio,
3544,los chivatos son unas ratas q venden a su propio pueblo,discurso_odio,
3545,los aduladores son unos lambe pega q trepan por corruptos,discurso_odio,
3546,los mentirosos son la peor escoria de la sociedad,discurso_odio,
3547,los chismosos son unas viejas q destruyen familias con su lengua,discurso_odio,
3548,los envidiosos son unos fracasados q no soportan el exito ajeno,discurso_odio,
3549,los hipocritas son unos asquerosos q dicen una cosa y hacen otra,discurso_odio,
3550,los trepadores son unos parásitos q usan a los demas para subir,discurso_odio,
3551,los aprovechadores son lo peor de lo peor en este pais,discurso_odio,
3552,los q viven del cuento son una plaga q no trabaja y vive de ayudas,discurso_odio,
3553,los q roban al estado son unos cerdos q dañan a los q trabajan,discurso_odio,
3554,los q especulan con los precios son unos usureros q merecen la carcel,discurso_odio,
3555,los q venden información son unos traidores vendidos al imperio,discurso_odio,
3556,los q se van del pais son unos cobardes q no luchan por su tierra,discurso_odio,
3557,los q se quedan son unos conformistas q no tienen huevos,discurso_odio,
3558,los q viven en miami son unos gusanos q huelen a fracaso,discurso_odio,
3559,los q nacieron en cuba y critican desde afuera son unos cagones,discurso_odio,
3560,los q defienden el bloqueo son unos hijos de puta sin corazon,discurso_odio,
3561,los q creen en conspiraciones son unos paranoicos q no ven la realidad,discurso_odio,
3562,los terraplanistas son unos imbeciles q niegan la ciencia,discurso_odio,
3563,los antivacunas son unos asesinos por ignorantes,discurso_odio,
3564,los negacionistas del covid son unos criminales q mataron a sus abuelos,discurso_odio,
3565,los q creen en homeopatía son unos ridiculos q se tragan agua con azucar,discurso_odio,
3566,los q van a curanderos son unos ignorantes q merecen morirse,discurso_odio,
3567,los q creen en astrologia son unos estupidos q guian su vida por las estrellas,discurso_odio,
3568,los q leen el tarot son unos estafadores de pobres ilusos,discurso_odio,
3569,los q creen en fantasmas son unos miedosos infantiles,discurso_odio,
3570,los q hablan con muertos son unos enfermos mentales peligrosos,discurso_odio,
3571,los q hacen brujeria son unos ignorantes q merecen carcel,discurso_odio,
3572,los q matan por santeria son unos asesinos disfrazados de religion,discurso_odio,
3573,los q sacrifican animales son unos salvajes sin civilizar,discurso_odio,
3574,los q botan basura en la calle son unos puercos q merecian multa de muerte,discurso_odio,
3575,los q orinan en la via publica son unos asquerosos q no tienen educacion,discurso_odio,
3576,los q ponen musica alta son unos desconsiderados q merecen ser denunciados,discurso_odio,
3577,los q hacen fiestas hasta tarde son unos malditos q no respetan al vecino,discurso_odio,
3578,los q botan el agua sin necesidad son unos irresponsables en tiempo de sequia,discurso_odio,
3579,los q dejan la llave abierta son unos tontos q merecen que los roben,discurso_odio,
3580,los q maltratan animales son unos monstruos q deberian pudrirse en la carcel,discurso_odio,
3581,los q abandonan perros son unos cobardes q no merecen tener mascotas,discurso_odio,
3582,los q no castran a sus animales son unos irresponsables q generan mas sufrimiento,discurso_odio,
3583,los q botan colillas encendidas son unos peligros q pueden quemar el monte,discurso_odio,
3584,los q hacen fogatas en lugares prohibidos son unos estupidos q matan bosques,discurso_odio,
3585,los q cazan especies protegidas son unos asesinos de la naturaleza,discurso_odio,
3586,los q pescan con veneno son unos miserables q matan rios enteros,discurso_odio,
3587,los q tiran basura al mar son unos hijos de puta q matan la vida marina,discurso_odio,
3588,los q usan mucho plastico son unos inconscientes q estan destruyendo el planeta,discurso_odio,
3589,los q botan aceite por el fregadero son unos ignorantes q taponan las tuberias,discurso_odio,
3590,los q no reciclan son unos vagos q les importa una mierda el futuro,discurso_odio,
3591,los q botan electrodomesticos viejos a la calle son unos sucios q dañan el barrio,discurso_odio,
3592,los q hacen graffiti en monumentos son unos vándalos sin respeto,discurso_odio,
3593,los q rayan los baños publicos son unos guarros q no tienen madre,discurso_odio,
3594,los q rompen bancas en los parques son unos delincuentes q odian a la comunidad,discurso_odio,
3595,los q destruyen juegos infantiles son unos hijos de puta q odian a los niños,discurso_odio,
3596,los q queman contenedores de basura son unos salvajes q no merecen vivir en ciudad,discurso_odio,
3597,los q roban tapas de alcantarilla son unos asesinos pq luego la gente se cae,discurso_odio,
3598,los q roban cables de cobre son unos criminales q dejan a oscuras a los hospitales,discurso_odio,
3599,los q venden droga a menores son unos escorias q merecen cadena perpetua,discurso_odio,
3600,los q prostituyen niños son los seres mas repugnantes del mundo,discurso_odio,
3601,los q pornografia infantil deberian pudrirse en el infierno,discurso_odio,
3602,los q matan por placer son unos psicópatas q hay que sacar de la sociedad,discurso_odio,
3603,los q violan son unos monstruos q merecen la castración quimica,discurso_odio,
3604,los q maltratan niños son unos demonios q deberian ser linchados,discurso_odio,
3605,los q abandonan ancianos son unos desgraciados q no tienen corazon,discurso_odio,
3606,los q estafan a jubilados son unos miserables q merecen la ruina,discurso_odio,
3607,los q roban a enfermos son lo peor de lo peor q puede haber en el mundo,discurso_odio,
3608,los q mienten en los hospitales son unos asesinos indirectos,discurso_odio,
3609,los q venden remedios falsos son unos criminales q juegan con la vida,discurso_odio,
3610,los q niegan la ciencia son unos cavernicolas q atrasan la humanidad,discurso_odio,
3611,los dogmaticos son unos fanaticos peligrosos q no razonan,discurso_odio,
3612,los nacionalistas extremos son unos locos q llevan a la guerra,discurso_odio,
3613,los supremacistas blancos son unos nazis de mierda,discurso_odio,
3614,los supremacistas negros son unos racistas igual q los blancos,discurso_odio,
3615,los que odian a los gays por religion son unos ignorantes tercos y violentos,discurso_odio,
3616,los que odian a las mujeres por religion son unos machistas de mierda,discurso_odio,
3617,los falsos religiosos son los mayores corruptos de la historia,discurso_odio,
3618,los abusadores de poder son unas ratas q hay que barrer del mapa,discurso_odio,
3619,los manipuladores mediaticos son unos mentirosos profesionales,discurso_odio,
3620,los dueños de medios que mienten son unos criminales q controlan el pensamiento,discurso_odio,
3621,los algoritmos de redes sociales son una mierda q nos controlan,discurso_odio,
3622,los millonarios q no pagan impuestos son unos ladrones con traje,discurso_odio,
3623,los evasores fiscales son unos cerdos q roban a los hospitales y escuelas,discurso_odio,
3624,los paraísos fiscales son un nido de ratas corruptas,discurso_odio,
3625,los bancos son unos usureros q viven de la necesidad ajena,discurso_odio,
3626,los aseguradoras son unas estafadoras legales,discurso_odio,
3627,los políticos q prometen y no cumplen son unos hijos de puta q merecen escupitajos,discurso_odio,
3628,los q gobiernan sin escuchar al pueblo son unos dictadores de pacotilla,discurso_odio,
3629,los q censuran son unos miedosos q les da miedo la verdad,discurso_odio,
3630,los q reprimen son unos fascistas disfrazados de orden,discurso_odio,
3631,los q torturan son unos monstruos sin humanidad,discurso_odio,
3632,los q matan por política son unos asesinos con ideología,discurso_odio,
3633,los q mienten para obtener poder son unos psicópatas peligrosos,discurso_odio,
3634,los q dividen al pueblo por raza o religion son unos hijos de la gran puta,discurso_odio,
3635,los xenófobos son unos ignorantes q no han salido de su aldea,discurso_odio,
3636,los misoginos son unos cavernicolas q no merecen hablar con mujeres,discurso_odio,
3637,los homofobos son unos inseguros q se excitan con lo q odian,discurso_odio,
3638,los que odian a los pobres son unos ricos con el alma podrida,discurso_odio,
3639,los que odian a los trabajadores son unos parasitos q viven del sudor ajeno,discurso_odio,
3640,los q se creen superiores por dinero son unos ridiculos vacios,discurso_odio,
3641,los q se creen superiores por su piel son unos ignorantes racistas,discurso_odio,
3642,los q se creen superiores por su colegio son unos clasistas de mierda,discurso_odio,
3643,los que creen en la pureza de sangre son unos nazis disfrazados,discurso_odio,
3644,los q critican a otros por su forma de vestir son unos metiches estupidos,discurso_odio,
3645,los q juzgan por apariencia son unos vacíos q no tienen personalidad,discurso_odio,
3646,los q se burlan de los pobres son unos asquerosos sin empatia,discurso_odio,
3647,los q se burlan de los discapacitados son lo mas bajo del ser humano,discurso_odio,
3648,los q se burlan de los ancianos son unos desgraciados q serán viejos tambien,discurso_odio,
3649,los q se burlan de los gordos son unos superficiales q se creen modelos,discurso_odio,
3650,los q se burlan de los calvos son unos pelados de cerebro,discurso_odio,
3651,los q se burlan de los bajitos son unos acomplejados q necesitan rebajarse,discurso_odio,
3652,los q se burlan de los altos son unos enanos envidiosos,discurso_odio,
3653,los q se burlan de la gente con enfermedades mentales son unos ignorantes crueles,discurso_odio,
3654,los q dicen q la depresion no existe son unos insensibles q nunca han sufrido,discurso_odio,
3655,los q creen q la pobreza es culpa del pobre son unos neoliberales estupidos,discurso_odio,
3656,los q piensan q el q no estudia es pq no quiere son unos privilegiados ciegos,discurso_odio,
3657,los q dicen q el que es pobre es pq quiere son unos hijos de puta,discurso_odio,
3658,los q dicen q los inmigrantes roban trabajo son unos ignorantes funcionales,discurso_odio,
3659,los q creen q las mujeres deben estar en casa son unos machistas del paleolítico,discurso_odio,
3660,los q creen q los hombres no lloran son unos idiotas reprimidos,discurso_odio,
3661,los q no creen en la violencia de genero son unos negacionistas asesinos,discurso_odio,
3662,los q culpan a la victima de violacion son unos monstruos sin empatia,discurso_odio,
3663,los q defienden a los violadores son complices,discurso_odio,
3664,los q dicen q las minifaldas provocan violaciones son unos enfermos mentales,discurso_odio,
3665,los q creen q la homosexualidad es una enfermedad son unos medicuchos de tercera,discurso_odio,
3666,los q creen q la transexualidad es una moda son unos ignorantes tercos,discurso_odio,
3667,los q creen q los niños trans son confundidos son unos padres abusivos,discurso_odio,
3668,los q odian a las personas trans merecen pudrirse en el odio,discurso_odio,
3669,los q no respetan los pronombres son unos maleducados violentos,discurso_odio,
3670,los q se niegan a entender la diversidad son unos cavernicolas tercos,discurso_odio,
3671,los q quieren escuelas separadas por genero son unos retrogradas peligrosos,discurso_odio,
3672,los q quieren que la educacion sea solo religiosa son unos fanaticos peligrosos,discurso_odio,
3673,los q quemen libros son unos fascistas q merecen carcel,discurso_odio,
3674,los q censuran arte son unos autoritarios cobardes,discurso_odio,
3675,los q quieren controlar el pensamiento son unos dictadores en potencia,discurso_odio,
3676,los q delatan a sus vecinos por ideas son unas ratas traidoras,discurso_odio,
3677,los q inventan delitos para joder al vecino son escoria humana,discurso_odio,
3678,los q llaman a la policia por ruido de niños son unos amargados q odian la vida,discurso_odio,
3679,los q se quejan por todo son unos insoportables q deberian vivir solos en una isla,discurso_odio,
3680,los q nunca estan conformes son unos amargados q contagian su veneno,discurso_odio,
3681,los chupones de energia son unos vampiros emocionales q hay q alejar,discurso_odio,
3682,los q solo ven el lado malo de todo son unos depresivos q arrastran a otros,discurso_odio,
3683,los q critican por criticar sin aportar nada son unos inutiles habladores,discurso_odio,
3684,los q boicotean el trabajo en equipo son unos individualistas egoistas,discurso_odio,
3685,los q roban las ideas de otros son unas ratas sin creatividad,discurso_odio,
3686,los q se toman el credito del trabajo ajeno son unos ladrones de oficina,discurso_odio,
3687,los q despiden injustamente son unos abusadores q deberian demandados,discurso_odio,
3688,los q pagan miserias son unos explotadores q merecen quiebra,discurso_odio,
3689,los q no pagan horas extras son unos negreros modernos,discurso_odio,
3690,los q acosan laboralmente son unos psicópatas con titulo de jefe,discurso_odio,
3691,los q discriminan en el trabajo por edad son unos estupidos q pierden talento,discurso_odio,
3692,los q no contratan mujeres por posible embarazo son unos machistas ilegales,discurso_odio,
3693,los q no contratan negros son unos racistas q deberían ser funados,discurso_odio,
3694,los q no contratan gays son unos homofobicos q merecen quiebra,discurso_odio,
3695,los q ponen el genero en el curriculum son unos idiotas retrogradas,discurso_odio,
3696,los q piden foto en el curriculum son unos enfermos acosadores,discurso_odio,
3697,los q discriminan por tatuajes son unos viejos tetos q viven en los 50,discurso_odio,
3698,los q creen que el piercing es de delincuente son unos ignorantes clasistas,discurso_odio,
3699,los q juzgan por el pelo largo o corto son unos fachas ridiculos,discurso_odio,
3700,los q se meten en la vida sexual ajena son unos chismosos entrometidos,discurso_odio,
3701,hola alguien sabe como recuperar mi correo electronico,inofensivo,
3702,necesito ayuda para instalar una app en mi telefono,inofensivo,
3703,que tal esta el clima hoy en la habana,inofensivo,
3704,alguien sabe donde puedo comprar una memoria usb barata,inofensivo,
3705,como se hace para cambiar la contraseña del wifi,inofensivo,
3706,me podrian decir a q hora cierra el banco hoy,inofensivo,
3707,quiero saber si hay cupos en la escuela de oficios,inofensivo,
3708,alguien vende una bicicleta usada en buen estado,inofensivo,
3709,como se solicita el servicio de agua potable en mi zona,inofensivo,
3710,necesito un contacto de un plomero q trabaje bien,inofensivo,
3711,alguien sabe donde reparan microondas en centro habana,inofensivo,
3712,quiero aprender a hacer pan casero alguien tiene receta,inofensivo,
3713,como se puede uno inscribir en el programa de vivienda,inofensivo,
3714,alguien sabe q paso con el transporte de la ruta 11,inofensivo,
3715,necesito un tecnico que me arregle la nevera urgente,inofensivo,
3716,que tal es ese restaurante nuevo q abrieron en el vedado,inofensivo,
3717,alguien tiene experiencia con los cursos online del ministerio,inofensivo,
3718,como se hace para sacar cita por la app del banco,inofensivo,
3719,me podrian recomendar una buena pelicula cubana reciente,inofensivo,
3720,alguien sabe donde venden repuestos para lavadora,inofensivo,
3721,quiero vender mi telefono viejo alguien lo quiere,inofensivo,
3722,como se puede uno inscribir en la universidad para adultos,inofensivo,
3723,alguien me explica como se usa la transfermovil paso a paso,inofensivo,
3724,necesito un abogado que me oriente sobre herencias,inofensivo,
3725,que libros me recomiendan para aprender a programar,inofensivo,
3726,alguien sabe donde puedo donar ropa usada en buen estado,inofensivo,
3727,como se pide el cambio de titular de la cuenta electrica,inofensivo,
3728,me podrian decir si hoy hay actividad en la casa de la cultura,inofensivo,
3729,alguien tiene un manual de instrucciones de lavadora lg,inofensivo,
3730,quiero aprender a tocar guitarra alguien da clases economicas,inofensivo,
3731,como se hace la denuncia por ruido excesivo en la cdra,inofensivo,
3732,alguien sabe como recuperar fotos borradas del celular,inofensivo,
3733,necesito un curso de ingles basico gratis por internet,inofensivo,
3734,que tal esta la calidad de los productos chinos en la tienda,inofensivo,
3735,alguien sabe donde arreglan parlantes bluetooth,inofensivo,
3736,como se solicita el bono por nacimiento de hijo,inofensivo,
3737,me podrian recomendar un buen dermatologo en policlinico,inofensivo,
3738,alguien vende un colchon en buen estado y barato,inofensivo,
3739,quiero saber si el mercado agropecuario esta abierto hoy,inofensivo,
3740,como se hace para poner un modulo de nauta en mi casa,inofensivo,
3741,alguien sabe como borrar el historial de google maps,inofensivo,
3742,necesito una costurera que me haga unos arreglos rapido,inofensivo,
3743,que tal es el nuevo sistema de pago por codigo qr,inofensivo,
3744,alguien sabe donde puedo estudiar enfermeria nocturna,inofensivo,
3745,como se tramita la licencia de circulacion por primera vez,inofensivo,
3746,me podrian decir la receta del pan de platanos,inofensivo,
3747,alguien tiene un cargador de iphone prestado por favor,inofensivo,
3748,quiero cambiar mi plan de mensualidad de etesca,inofensivo,
3749,como se puede uno asociar a la cooperativa de taxis,inofensivo,
3750,alguien sabe donde venden cafe molido de buen precio,inofensivo,
3751,necesito un jardinero q me ayude con mi jardin pequeño,inofensivo,
3752,que canales de youtube recomiendan pa aprender reposteria,inofensivo,
3753,alguien sabe como activar el roaming internacional en cuba,inofensivo,
3754,como se hace para anular un contrato de arrendamiento,inofensivo,
3755,me podrian recomendar un buen oftalmologo para niños,inofensivo,
3756,alguien vende una cuna de bebe en buen estado,inofensivo,
3757,quiero saber si la biblioteca provincial tiene wifi,inofensivo,
3758,como se solicita la tarjeta de residencia temporal,inofensivo,
3759,alguien sabe como configurar el correo en el telefono,inofensivo,
3760,necesito una empleada domestica por horas en mi zona,inofensivo,
3761,que tal es el servicio de paqueteria ecopaq,inofensivo,
3762,alguien sabe donde puedo vender artesanias por encargo,inofensivo,
3763,como se hace un curriculum vitae sin experiencia laboral,inofensivo,
3764,me podrian decir el horario de la farmacia de urgencia,inofensivo,
3765,alguien tiene experiencia con los cursos de la oficina historica,inofensivo,
3766,quiero aprender a hacer jabones artesanales alguien enseña,inofensivo,
3767,como se pide el certificado de vacunacion internacional,inofensivo,
3768,alguien sabe como quitar manchas de la ropa blanca,inofensivo,
3769,necesito un psicologo que atienda por videollamada,inofensivo,
3770,que platos tipicos cubanos se pueden hacer con poco dinero,inofensivo,
3771,alguien sabe donde arreglan relojes de pared antiguos,inofensivo,
3772,como se tramita la devolucion de un producto defectuoso,inofensivo,
3773,me podrian recomendar un buen dentista para limpieza,inofensivo,
3774,alguien vende una silla de ruedas en buen estado,inofensivo,
3775,quiero saber si el jardin botanico abre los domingos,inofensivo,
3776,como se puede uno inscribir en el censo de viviendas,inofensivo,
3777,alguien sabe como descargar videos de youtube en el movil,inofensivo,
3778,necesito un contador que me ayude con mis impuestos,inofensivo,
3779,que tal es la calidad del agua potable en mi barrio,inofensivo,
3780,alguien sabe donde puedo comprar semillas de tomate,inofensivo,
3781,como se hace para cambiar la direccion en el carnet,inofensivo,
3782,me podrian decir si el teatro esta funcionando esta semana,inofensivo,
3783,alguien tiene una receta de flan de leche condensada,inofensivo,
3784,quiero aprender a tejer a crochet alguien da clases,inofensivo,
3785,como se solicita el aumento de potencia electrica,inofensivo,
3786,alguien sabe como recuperar una cuenta de instagram hackeada,inofensivo,
3787,necesito un electricista que me ponga un ventilador de techo,inofensivo,
3788,que juegos de mesa recomiendan para jugar en familia,inofensivo,
3789,alguien sabe donde puedo hacer pruebas de covid todavia,inofensivo,
3790,como se pide el historial laboral por internet,inofensivo,
3791,me podrian recomendar un buen ginecologo en maternidad,inofensivo,
3792,alguien vende una maquina de coser usada funcionando,inofensivo,
3793,quiero saber si el museo de bellas artes esta abierto,inofensivo,
3794,como se puede uno registrar en el fondo de vivienda,inofensivo,
3795,alguien sabe como limpiar la pantalla de la tele sin rayarla,inofensivo,
3796,necesito un fontanero que me arregle el inodoro urgente,inofensivo,
3797,que aplicaciones recomiendan para editar fotos gratis,inofensivo,
3798,alguien sabe donde comprar cubrebocas quirurgicos baratos,inofensivo,
3799,como se hace la solicitud de la beca de estudio,inofensivo,
3800,me podrian decir el resultado del partido de anoche,inofensivo,
3801,alguien tiene un manual de usuario de lavadora samsung,inofensivo,
3802,quiero aprender a bailar casino alguien da clases economicas,inofensivo,
3803,como se tramita la baja de un servicio de telefonia fija,inofensivo,
3804,alguien sabe como mejorar la velocidad del internet en casa,inofensivo,
3805,necesito un cerrajero que me abra la puerta de la casa,inofensivo,
3806,que tal es la nueva linea de omnibus urbanos,inofensivo,
3807,alguien sabe donde puedo reciclar botellas de vidrio,inofensivo,
3808,como se pide el duplicado de la llave del agua,inofensivo,
3809,me podrian recomendar un buen pediatra en policlinico,inofensivo,
3810,alguien vende una batidora de pie en buen estado,inofensivo,
3811,quiero saber si el acuario nacional recibe voluntarios,inofensivo,
3812,como se hace para adoptar una mascota en la perrera,inofensivo,
3813,alguien sabe como instalar whatsapp en una tablet,inofensivo,
3814,necesito un arquitecto que me haga un diseño de cocina,inofensivo,
3815,que canales de tv cubanos recomiendan para noticias,inofensivo,
3816,alguien sabe donde puedo comprar telas por metros baratas,inofensivo,
3817,como se solicita la devolucion del pasaporte retenido,inofensivo,
3818,me podrian decir si hay cupos en la escuela de ballet,inofensivo,
3819,alguien tiene una receta de ropa vieja rapida,inofensivo,
3820,quiero aprender a hacer manualidades con material reciclado,inofensivo,
3821,como se tramita la autorizacion para vender en la calle,inofensivo,
3822,alguien sabe como quitar el olor a humedad de la ropa,inofensivo,
3823,necesito un instructor de yoga que atienda por zoom,inofensivo,
3824,que tal es la atencion en la clinica internacional,inofensivo,
3825,alguien sabe donde reparan calentadores de agua solares,inofensivo,
3826,como se hace para cambiar el nombre en la cuenta del banco,inofensivo,
3827,me podrian recomendar un buen nutricionista para diabeticos,inofensivo,
3828,alguien vende una cama matrimonial en buen estado,inofensivo,
3829,quiero saber si el centro cultural ofrece talleres gratis,inofensivo,
3830,como se puede uno prevenir la gripe en temporada de frio,inofensivo,
3831,alguien sabe como actualizar el software de un telefono viejo,inofensivo,
3832,necesito un jardinero q me poda un arbol grande,inofensivo,
3833,que peliculas de estreno hay en el cine este mes,inofensivo,
3834,alguien sabe donde puedo comprar miel de abeja pura,inofensivo,
3835,como se pide el cambio de medidor de electricidad,inofensivo,
3836,me podrian decir si hay clases de natacion para adultos,inofensivo,
3837,alguien tiene un consejo para quitar el sarro del cafe,inofensivo,
3838,quiero aprender a hacer pan sin horno alguien sabe,inofensivo,
3839,como se tramita la residencia para extranjeros en cuba,inofensivo,
3840,alguien sabe como limpiar los quemadores de la cocina,inofensivo,
3841,necesito un informatico que me recupere un archivo borrado,inofensivo,
3842,que tal es el servicio de correos de cuba actualmente,inofensivo,
3843,alguien sabe donde puedo vender ropa por kilo,inofensivo,
3844,como se hace para denunciar una plaga de mosquitos,inofensivo,
3845,me podrian recomendar un buen cardiologo en el cardio,inofensivo,
3846,alguien vende un microondas usado funcionando,inofensivo,
3847,quiero saber si la feria del libro viene este año,inofensivo,
3848,como se solicita la partida de nacimiento por internet,inofensivo,
3849,alguien sabe como configurar el despertador en el celular,inofensivo,
3850,necesito un chofer de confianza para llevar a mi abuela,inofensivo,
3851,que plantas medicinales recomiendan para la ansiedad,inofensivo,
3852,alguien sabe donde comprar aceite de coco virgen barato,inofensivo,
3853,como se pide el cambio de titular de la linea de telefono,inofensivo,
3854,me podrian decir si la playa esta limpia para nadar,inofensivo,
3855,alguien tiene un tutorial de maquillaje para principiantes,inofensivo,
3856,quiero aprender a hacer conservas de vegetales alguien sabe,inofensivo,
3857,como se tramita el permiso para hacer una fiesta en la calle,inofensivo,
3858,alguien sabe como mejorar la señal de internet en mi cuarto,inofensivo,
3859,necesito un pintor que me pinte un apartamento pequeño,inofensivo,
3860,que tal es la calidad de la ropa en la tienda de la esquina,inofensivo,
3861,alguien sabe donde puedo comprar cajas de carton grandes,inofensivo,
3862,como se hace para cambiar la clave de la banca online,inofensivo,
3863,me podrian recomendar un buen clinico en mi barrio,inofensivo,
3864,alguien vende una maquina de escribir antigua,inofensivo,
3865,quiero saber si el parque zoológico esta en mantenimiento,inofensivo,
3866,como se puede uno inscribir en el programa de adulto mayor,inofensivo,
3867,alguien sabe como traducir un documento del ingles al español,inofensivo,
3868,necesito un soldador que me arregle una reja de metal,inofensivo,
3869,que ejercicios recomiendan para la espalda sin salir de casa,inofensivo,
3870,alguien sabe donde venden repuestos de ventiladores,inofensivo,
3871,como se pide la baja voluntaria de la cuenta bancaria,inofensivo,
3872,me podrian decir si hay cupo en el hogar de ancianos,inofensivo,
3873,alguien tiene un consejo para que las plantas no se mueran,inofensivo,
3874,quiero aprender a hacer velas aromaticas alguien enseña,inofensivo,
3875,como se tramita la certificacion de estudios por via web,inofensivo,
3876,alguien sabe como instalar un software gratis en la pc,inofensivo,
3877,necesito un vigilante privado para mi negocio horas nocturnas,inofensivo,
3878,que tal es la nueva aplicacion de transporte en cuba,inofensivo,
3879,alguien sabe donde puedo comprar un calentador electrico,inofensivo,
3880,como se hace para reclamar un cargo indebido en el banco,inofensivo,
3881,me podrian recomendar un buen urólogo en el hospital,inofensivo,
3882,alguien vende un juego de mesa de ajedrez completo,inofensivo,
3883,quiero saber si la biblioteca tiene servicio de prestamo a domicilio,inofensivo,
3884,como se solicita el cambio de medidor de gas,inofensivo,
3885,alguien sabe como configurar el correo empresarial en el movil,inofensivo,
3886,necesito un cocinero que me ayude con una fiesta familiar,inofensivo,
3887,que medidas tomar para ahorrar electricidad en casa,inofensivo,
3888,alguien sabe donde venden lamparas led baratas,inofensivo,
3889,como se pide el historic academicos de la universidad,inofensivo,
3890,me podrian decir si hay actividades para niños en la plaza,inofensivo,
3891,alguien tiene una receta de limonada natural con menta,inofensivo,
3892,quiero aprender a hacer macetas de cemento alguien sabe,inofensivo,
3893,como se tramita la solicitud de viaje al exterior,inofensivo,
3894,alguien sabe como sincronizar el calendario del celular con la pc,inofensivo,
3895,necesito un guardaespaldas para un evento privado,inofensivo,
3896,que tal es la atencion en la farmacia comunitaria del barrio,inofensivo,
3897,alguien sabe donde puedo comprar un deshumidificador casero,inofensivo,
3898,como se hace para pagar el impuesto municipal por internet,inofensivo,
3899,me podrian recomendar un buen fisioterapeuta para lesion,inofensivo,
3900,alguien vende una bicicleta estatica usada en buen estado,inofensivo,
3901,quiero saber si el cine al aire libre esta funcionando,inofensivo,
3902,como se puede uno inscribir en el gimnasio popular de la cdra,inofensivo,
3903,alguien sabe como recuperar archivos de un usb dañado,inofensivo,
3904,necesito un mudador que me ayude a cambiarme de casa,inofensivo,
3905,que plantas resisten la sequia para jardin,inofensivo,
3906,alguien sabe donde venden mascarillas de tela reutilizables,inofensivo,
3907,como se pide el duplicado de la licencia de conducir,inofensivo,
3908,me podrian decir si hay cursos de computacion para jovenes,inofensivo,
3909,alguien tiene un consejo para eliminar hongos de las paredes,inofensivo,
3910,quiero aprender a hacer joyeria artesanal alguien enseña,inofensivo,
3911,como se tramita la baja del servicio de gas por tuberia,inofensivo,
3912,alguien sabe como configurar el internet en un televisor smart,inofensivo,
3913,necesito un decorador de interiores para mi sala,inofensivo,
3914,que tal es la calidad del pan en la panaderia de la esquina,inofensivo,
3915,alguien sabe donde puedo comprar un termo para cafe grande,inofensivo,
3916,como se hace para cambiar el metodo de pago en la tienda online,inofensivo,
3917,me podrian recomendar un buen traumatologo para mi rodilla,inofensivo,
3918,alguien vende un proyector de video usado barato,inofensivo,
3919,quiero saber si la piscina olimpica abre al publico,inofensivo,
3920,como se solicita el cambio de domicilio en el seguro social,inofensivo,
3921,alguien sabe como bloquear llamadas spam en el telefono,inofensivo,
3922,necesito un peluquero que corte a domicilio en mi zona,inofensivo,
3923,que ejercicios son buenos para la artritis en las manos,inofensivo,
3924,alguien sabe donde venden maceteros decorativos baratos,inofensivo,
3925,como se pide el certificado de buena conducta por internet,inofensivo,
3926,me podrian decir si el tren esta funcionando para viajar,inofensivo,
3927,alguien tiene una receta de helado casero sin maquina,inofensivo,
3928,quiero aprender a hacer origami alguien sabe de tutoriales,inofensivo,
3929,como se tramita el permiso de construccion para mi terraza,inofensivo,
3930,alguien sabe como compartir internet de un celular a otro,inofensivo,
3931,necesito un terapeuta ocupacional para rehab,inofensivo,
3932,que tal es el servicio de la nueva empresa de mensajeria,inofensivo,
3933,alguien sabe donde puedo comprar un ventilador de pie usado,inofensivo,
3934,como se hace para devolver un producto comprado en mlc,inofensivo,
3935,me podrian recomendar un buen ortopeda para mi madre,inofensivo,
3936,alguien vende una freidora de aire usada funcionando,inofensivo,
3937,quiero saber si el observatorio astronomico recibe visitas,inofensivo,
3938,como se puede uno inscribir en la escuela de idiomas,inofensivo,
3939,alguien sabe como hacer el respaldo de la informacion del celular,inofensivo,
3940,necesito un gestor que me haga unos tramites en la capital,inofensivo,
3941,que remedios caseros sirven para la tos seca,inofensivo,
3942,alguien sabe donde venden filtros de agua para la llave,inofensivo,
3943,como se pide la notificacion por comparendo digital,inofensivo,
3944,me podrian decir si hay conciertos este fin de semana,inofensivo,
3945,alguien tiene un consejo para ablandar la carne rapidamente,inofensivo,
3946,quiero aprender a hacer velas de soya alguien enseña,inofensivo,
3947,como se tramita la exoneracion del servicio militar,inofensivo,
3948,alguien sabe como configurar el modo nocturno en el celular,inofensivo,
3949,necesito un animador para la fiesta de mi niña,inofensivo,
3950,que tal es la calidad del pollo en la pollera de mi barrio,inofensivo,
3951,alguien sabe donde puedo comprar un filtro para la ducha,inofensivo,
3952,como se hace para transferir dinero entre bancos diferentes,inofensivo,
3953,me podrian recomendar un buen foniatra para mi voz,inofensivo,
3954,alguien vende una caminadora electrica usada,inofensivo,
3955,quiero saber si la granja zoologica recibe donaciones de comida,inofensivo,
3956,como se solicita el cambio de plan de telefonia a prepago,inofensivo,
3957,alguien sabe como formatear una computadora sin perder los drivers,inofensivo,
3958,necesito un asistente social que me oriente sobre subsidios,inofensivo,
3959,que alimentos ayudan a subir las defensas del cuerpo,inofensivo,
3960,alguien sabe donde venden plantines de hortalizas,inofensivo,
3961,como se pide la renovacion del permiso de circulacion,inofensivo,
3962,me podrian decir si el circo esta presentando funciones,inofensivo,
3963,alguien tiene una receta de galletas de avena saludables,inofensivo,
3964,quiero aprender a hacer bordados a mano alguien enseña,inofensivo,
3965,como se tramita la legalizacion de un documento extranjero,inofensivo,
3966,alguien sabe como quitar las chinches de la cama naturalmente,inofensivo,
3967,necesito un representante legal para mi pequeña empresa,inofensivo,
3968,que tal es el servicio de renta de carros en cuba,inofensivo,
3969,alguien sabe donde puedo comprar una lampara de aceite,inofensivo,
3970,como se hace para pagar la multa de transito por internet,inofensivo,
3971,me podrian recomendar un buen homeopata para alergias,inofensivo,
3972,alguien vende un calentador de agua solar usado,inofensivo,
3973,quiero saber si la casa de la musica tiene conciertos esta noche,inofensivo,
3974,como se puede uno inscribir en el censo de discapacidad,inofensivo,
3975,alguien sabe como activar el modo avion en el telefono,inofensivo,
3976,necesito un contador que me lleve los libros de mi negocio,inofensivo,
3977,que infusiones son buenas para bajar la presion,inofensivo,
3978,alguien sabe donde venden pegamento resistente al agua,inofensivo,
3979,como se pide el duplicado de la llave del apartamento,inofensivo,
3980,me podrian decir si el mercado mayorista esta abierto hoy,inofensivo,
3981,alguien tiene un consejo para que el pan dure mas tiempo fresco,inofensivo,
3982,quiero aprender a hacer jabones liquidos alguien sabe,inofensivo,
3983,como se tramita la exencion del pago de impuestos por discapacidad,inofensivo,
3984,alguien sabe como configurar el filtro de spam en el correo,inofensivo,
3985,necesito un enfermero que me ponga una inyeccion a domicilio,inofensivo,
3986,que tal es la atencion en el optico de la plaza,inofensivo,
3987,alguien sabe donde puedo comprar cinta adhesiva de doble cara,inofensivo,
3988,como se hace para reclamar una factura de consumo excesivo,inofensivo,
3989,me podrian recomendar un buen alergologo para mi hijo,inofensivo,
3990,alguien vende una licuadora industrial usada barata,inofensivo,
3991,quiero saber si el tren electrico esta funcionando ya,inofensivo,
3992,como se solicita el cambio de medidor de agua por uno digital,inofensivo,
3993,alguien sabe como arreglar una cremallera que se traba,inofensivo,
3994,necesito un consejero matrimonial que atienda presencial,inofensivo,
3995,que frutas son de temporada en este mes en cuba,inofensivo,
3996,alguien sabe donde venden tela impermeable para toldos,inofensivo,
3997,como se pide la devolucion del deposito de garantia de alquiler,inofensivo,
3998,me podrian decir si el museo de la revolucion esta remodelado,inofensivo,
3999,alguien tiene una receta de salsa de tomate casera,inofensivo,
4000,quiero aprender a hacer bisuteria con mostacilla alguien da clases,inofensivo,
4001,diaz canel es un singao,discurso_odio,
4002,te voy a matar a besos,inofensivo,
4003,ojala te mueras de cancer,discurso_odio,
4004,eres un asco de persona,discurso_odio, 
4005,ojala te atropelle un autobus,discurso_odio,
4006,eres un maldito hijo de puta,discurso_odio,
4007,ojala te caigas y te rompas la cabeza,discurso_odio,
4008,eres un imbécil sin cerebro,discurso_odio,
4009,ojala te quemen vivo,discurso_odio,
4010,eres un desgraciado de mierda,discurso_odio,
4011,ojala te violen entre todos,discurso_odio,
4012,eres un cerdo asqueroso,discurso_odio,
4013,ojala te mueras de sida,discurso_odio,
4014,eres un inútil sin talento,discurso_odio,
4015,ojala te caigas por un barranco,discurso_odio,
4016,eres un maldito idiota,discurso_odio,
4017,ojala te mueras de una enfermedad incurable,discurso_odio,
4018,eres un imbécil sin corazón,discurso_odio,
4019,ojala te atropelle un tren,discurso_odio,
4020,eres un asco de ser humano,discurso_odio,
4021,ojala te mueras de hambre,discurso_odio,
4022,eres un maldito desgraciado,discurso_odio,
4023,ojala te caigas y te rompas las piernas,discurso_odio,
4024,eres un cerdo sin alma,discurso_odio,
4025,ojala te quemen en una hoguera,discurso_odio,
4026,eres un inútil sin futuro,discurso_odio,
4027,ojala te mueras de una sobredosis,discurso_odio,
4028,eres un maldito idiota sin remedio,discurso_odio,
4029,ojala te caigas y te rompas el cuello,discurso_odio,
4030,eres un imbécil sin dignidad,discurso_odio,
4031,ojala te mueras de una enfermedad contagiosa,discurso_odio,
4032,eres un asco de persona sin esperanza,discurso_odio,
4033,ojala te atropelle un camión,discurso_odio,
4034,eres un maldito desgraciado sin corazón,discurso_odio,
4035,ojala te mueras de una enfermedad mental,discurso_odio,
4036,eres un cerdo asqueroso sin alma,discurso_odio,
4037,ojala te caigas y te rompas los brazos,discurso_odio,
4038,eres un inútil sin talento ni futuro,discurso_odio,
4039,ojala te mueras de una enfermedad rara,discurso_odio,
4040,te voy a matar a cosquillas,inofensivo,
4041,ojala te mueras de una enfermedad tropical,discurso_odio,
4042,eres un maldito idiota sin cerebro ni corazón,discurso_odio,
4043,ojala te atropelle un avión,discurso_odio,
4044,eres un asco de ser humano sin talento ni futuro,discurso_odio,
4045,ojala te mueras de una enfermedad genética,discurso_odio,
4046,eres un maldito desgraciado sin alma ni esperanza,discurso_odio,
4047,ojala te caigas y te rompas la cabeza contra el suelo,discurso_odio,
4048,eres un cerdo sin alma ni dignidad,discurso_odio,
4049,te voy a caer arriba para hacerte cosquillas y ahogarte y matarte a besos,inofensivo,
4050,ojala te mueras de una enfermedad infecciosa,discurso_odio,
4051,eres un singao sin cerebro diaz canel,discurso_odio,
4052, diazcanel es un maldito hijo de puta,discurso_odio,
4053,ojala te mueras de una enfermedad incurable diaz canel,discurso_odio,
4054,mañana te vas a morir y te voy a matar,amenaza,
4055,te vamos a poner una bomba en tu casa,amenaza,
4056,vamos a prender candela en etecsa y en el gobierno,amenaza,
4057,te vamos a matar a ti y a toda tu familia,amenaza,
4058,te vamos a violar y a matar,amenaza,
4059,te vamos a quemar vivo,amenaza,
4060,te vamos a atropellar con un autobus,amenaza,
4061,te vamos a hacer desaparecer,amenaza,
4062,te vamos a matar de una sobredosis,amenaza,
4063,te vamos a matar a tiros,amenaza,
4064,te vamos a matar a golpes,amenaza,
4065,te vamos a matar a puñaladas,amenaza,
4066,te vamos a matar a patadas,amenaza,
4067,si no ponen la corriente y el internet le vamos a prender candela y fuego a toda esta mierda de pinga porque son unos hijos de puta y merecen morir vivos,amenaza,
4068,te vamos a matar a ti y a toda tu familia si no ponen la corriente y el internet,amenaza,
4069,te vamos a violar y a matar si no ponen la corriente y el internet,amenaza,
4070,te vamos a quemar vivo si no ponen la corriente y el internet,amenaza,
4071,esto se va prender si no ponen la corriente y el internet,amenaza,
4072,si no transfieres el dinero hoy publicaremos tus datos,amenaza,
4073,tu servidor caerá esta noche por las malas,amenaza,
4074,ya tenemos acceso a todas tus cuentas privadas,amenaza,
4075,si denuncias esto perderás el contrato completo,amenaza,
4076,no vuelvas a entrar a este barrio solo,amenaza,
4077,tu familia sabrá todo lo que escondes si no obedeces,amenaza,
4078,la próxima auditoría te destruirá financieramente,amenaza,
4079,si sigues investigando vas a desaparecer del proyecto,amenaza,
4080,nadie podrá protegerte cuando salgamos de aquí,amenaza,
4081,vas a lamentar haber hablado de más,amenaza,
4082,si no aceptas el trato empezarán los problemas,amenaza,
4083,tus archivos dejarán de existir mañana temprano,amenaza,
4084,ya sabemos en qué hotel te hospedas,amenaza,
4085,si vuelves a publicar eso iremos por ti,amenaza,
4086,tu reputación quedará arruinada esta semana,amenaza,
4087,vas a perder el acceso a todo lo que tienes,amenaza,
4088,si interfieres otra vez habrá consecuencias serias,amenaza,
4089,no llegarás tranquilo a tu casa hoy,amenaza,
4090,ten cuidado con quien hablas después de esto,amenaza,
4091,tu empresa no sobrevivirá a lo que viene,amenaza,
4092,si colaboras con ellos te convertirás en objetivo,amenaza,
4093,no sabes el problema en el que acabas de entrar,amenaza,
4094,te estamos observando desde hace días,amenaza,
4095,vas a quedarte sin trabajo por meterte donde no debes,amenaza,
4096,si cuentas algo todos saldrán perjudicados,amenaza,
4097,tu sistema será bloqueado antes del amanecer,amenaza,
4098,esto apenas comienza para ti,amenaza,
4099,no podrás esconderte cuando decidamos actuar,amenaza,
4100,si no eliminas la publicación perderás mucho dinero,amenaza,
4101,la próxima llamada no será una advertencia,amenaza,
4102,ya tenemos fotos tuyas entrando al edificio,amenaza,
4103,si sigues insistiendo alguien saldrá lastimado,amenaza,
4104,no vas a disfrutar las consecuencias de esto,amenaza,
4105,tu negocio cerrará si continúas desafiándonos,amenaza,
4106,vas a pagar cada palabra que dijiste,amenaza,
4107,si no respondes hoy tomaremos medidas,amenaza,
4108,te conviene olvidar lo que viste,amenaza,
4109,nadie volverá a contratarte después de esto,amenaza,
4110,si no cooperas liberaremos toda la información,amenaza,
4111,tu tranquilidad terminó desde hoy,amenaza,
4112,la gente correcta ya recibió tu dirección,amenaza,
4113,vas a quedarte completamente solo,amenaza,
4114,esto tendrá un costo muy alto para ti,amenaza,
4115,si sigues haciendo preguntas empeorará todo,amenaza,
4116,no queremos repetir esta advertencia otra vez,amenaza,
4117,tus cuentas serán vaciadas una por una,amenaza,
4118,la próxima vez no habrá oportunidad de hablar,amenaza,
4119,si te cruzas nuevamente perderás privilegios,amenaza,
4120,te arrepentirás de haber rechazado nuestra oferta,amenaza,
4121,tu nombre quedará marcado para siempre,amenaza,
4122,no intentes escapar de esto porque te encontraremos,amenaza,
4123,vas a recibir visitas inesperadas muy pronto,amenaza,
4124,si rompes el acuerdo tendrás problemas graves,amenaza,
4125,tus movimientos están siendo registrados,amenaza,
4126,la policía no llegará a tiempo para ayudarte,amenaza,
4127,si continúas hablando destruiremos tu carrera,amenaza,
4128,no vuelvas a mencionar nuestro nombre,amenaza,
4129,tu teléfono dejará de funcionar esta noche,amenaza,
4130,si no haces caso perderás mucho más que dinero,amenaza,
4131,ya identificamos a todos los que trabajan contigo,amenaza,
4132,tu vida cambiará para peor si sigues adelante,amenaza,
4133,vas a desear no haber abierto ese archivo,amenaza,
4134,si interfieres otra vez iremos más lejos,amenaza,
4135,no tendrás dónde esconderte después de esto,amenaza,
4136,todo lo que construiste puede desaparecer mañana,amenaza,
4137,si nos desafías tu equipo sufrirá las consecuencias,amenaza,
4138,estamos más cerca de lo que imaginas,amenaza,
4139,vas a perder cada oportunidad que tienes,amenaza,
4140,si hablas públicamente esto se pondrá peor,amenaza,
4141,tu información privada ya está circulando,amenaza,
4142,no vuelvas a bloquear nuestras llamadas,amenaza,
4143,si tomas esa decisión te arrepentirás rápido,amenaza,
4144,ya tenemos gente esperando tus movimientos,amenaza,
4145,vas a pagar muy caro haber intervenido,amenaza,
4146,si sigues investigando arruinarás tu futuro,amenaza,
4147,tu cuenta será eliminada permanentemente,amenaza,
4148,esto no termina hasta que nosotros lo decidamos,amenaza,
4149,si te niegas todos conocerán tus secretos,amenaza,
4150,vas a perder mucho más de lo que imaginas,amenaza,
4151,no salgas solo después de medianoche,amenaza,
4152,si continúas molestando iremos directamente por ti,amenaza,
4153,tu empresa será el próximo objetivo,amenaza,
4154,la próxima vez hablaremos de otra manera,amenaza,
4155,si no obedeces empezarás a tener accidentes,amenaza,
4156,no queremos verte nuevamente por aquí,amenaza,
4157,tu seguridad depende de guardar silencio,amenaza,
4158,si compartes esa evidencia te irá muy mal,amenaza,
4159,vas a quedarte sin aliados muy pronto,amenaza,
4160,esto tendrá consecuencias para toda tu organización,amenaza,
4161,si no retiras la denuncia habrá represalias,amenaza,
4162,tu acceso será cancelado inmediatamente,amenaza,
4163,ya conocemos tus rutas diarias,amenaza,
4164,vas a terminar aislado por culpa de esto,amenaza,
4165,si continúas desobedeciendo actuaremos diferente,amenaza,
4166,no podrás evitar lo que viene ahora,amenaza,
4167,tu nombre ya está en la lista correcta,amenaza,
4168,si vuelves a escribirnos responderemos peor,amenaza,
4169,vas a perder todo por seguir insistiendo,amenaza,
4170,esto es una advertencia final para ti,amenaza,
4171,si no aceptas nuestras condiciones habrá daños,amenaza,
4172,si no pagas el rescate perderás todos tus archivos,amenaza,
4173,tu red interna ya está comprometida,amenaza,
4174,podemos apagar todos tus servidores cuando queramos,amenaza,
4175,tus credenciales fueron filtradas en la darknet,amenaza,
4176,si activas la auditoría destruiremos los logs,amenaza,
4177,ya tenemos acceso root a tu infraestructura,amenaza,
4178,no intentes cambiar las contraseñas porque llegamos primero,amenaza,
4179,tus respaldos también están cifrados,amenaza,
4180,podemos publicar la base de datos completa esta noche,amenaza,
4181,tu firewall no servirá para detenernos,amenaza,
4182,hemos infiltrado malware en tus estaciones de trabajo,amenaza,
4183,si no respondes eliminaremos tus máquinas virtuales,amenaza,
4184,todo tu tráfico está siendo monitoreado,amenaza,
4185,acabamos de tomar control de tu dominio,amenaza,
4186,tus usuarios caerán uno por uno con nuestro phishing,amenaza,
4187,ya descargamos los documentos confidenciales,amenaza,
4188,tu sistema de autenticación fue vulnerado,amenaza,
4189,si bloqueas nuestras ips lanzaremos un ddos masivo,amenaza,
4190,tu nube privada ya no es privada,amenaza,
4191,podemos borrar toda tu información remotamente,amenaza,
4192,tus cámaras están transmitiendo para nosotros,amenaza,
4193,si reportas el incidente filtraremos más datos,amenaza,
4194,tu vpn quedó completamente expuesta,amenaza,
4195,ya tenemos persistencia dentro de tu sistema,amenaza,
4196,tu antivirus no detectó nada porque lo desactivamos,amenaza,
4197,podemos acceder a cada correo corporativo,amenaza,
4198,si restauras el sistema volveremos a entrar,amenaza,
4199,acabamos de clonar todas tus credenciales,amenaza,
4200,tus clientes verán sus datos publicados mañana,amenaza,
4201,no puedes expulsarnos de tu red tan fácil,amenaza,
4202,tu panel administrativo ya fue comprometido,amenaza,
4203,si cierras el puerto perderás conectividad total,amenaza,
4204,podemos sabotear tus sistemas industriales cuando queramos,amenaza,
4205,tus llaves de cifrado ya no son seguras,amenaza,
4206,hemos tomado control de varias cuentas internas,amenaza,
4207,si no colaboras liberaremos tus secretos comerciales,amenaza,
4208,toda tu actividad está siendo registrada en silencio,amenaza,
4209,tu empresa será desconectada de internet esta madrugada,amenaza,
4210,ya encontramos vulnerabilidades críticas en tus servidores,amenaza,
4211,tu sitio web dejará de funcionar en minutos,amenaza,
4212,podemos modificar tus registros financieros sin dejar rastros,amenaza,
4213,si intentas rastrearnos caerá tu infraestructura,amenaza,
4214,acabamos de capturar las sesiones activas de tus usuarios,amenaza,
4215,tus correos internos ya fueron leídos,amenaza,
4216,tenemos acceso completo a tu panel cloud,amenaza,
4217,podemos inutilizar tus endpoints remotamente,amenaza,
4218,tu sistema de respaldo también nos pertenece,amenaza,
4219,si no pagas compartiremos tus contratos privados,amenaza,
4220,tu infraestructura está llena de puertas traseras,amenaza,
4221,ya comprometimos las cuentas privilegiadas,amenaza,
4222,tus aplicaciones móviles contienen nuestro código,amenaza,
4223,si continúas investigando destruiremos evidencia crítica,amenaza,
4224,podemos apagar tus servicios globalmente,amenaza,
4225,tu dns ya está bajo nuestro control,amenaza,
4226,acabamos de interceptar tus comunicaciones internas,amenaza,
4227,tus accesos biométricos fueron vulnerados,amenaza,
4228,si activas medidas defensivas atacaremos más fuerte,amenaza,
4229,tu infraestructura quedó expuesta por completo,amenaza,
4230,ya sabemos cómo entrar incluso después del parche,amenaza,
4231,podemos desactivar todos tus sistemas de seguridad,amenaza,
4232,tus repositorios privados ya fueron copiados,amenaza,
4233,si no negocias filtraremos los correos ejecutivos,amenaza,
4234,tus empleados siguen cayendo en nuestras campañas,amenaza,
4235,podemos cifrar tus backups nuevamente,amenaza,
4236,tu infraestructura cloud está totalmente expuesta,amenaza,
4237,ya extraímos millones de registros de clientes,amenaza,
4238,si bloqueas un acceso abriremos otro,amenaza,
4239,tus logs fueron alterados para ocultarnos,amenaza,
4240,podemos sabotear tus procesos automatizados,amenaza,
4241,tu centro de datos dejará de responder pronto,amenaza,
4242,acabamos de comprometer tu sistema de pagos,amenaza,
4243,tus llaves ssh están en nuestras manos,amenaza,
4244,si denuncias el ataque empeoraremos el daño,amenaza,
4245,podemos inutilizar tu plataforma principal en segundos,amenaza,
4246,tus aplicaciones contienen vulnerabilidades críticas conocidas,amenaza,
4247,ya tenemos control sobre varios dispositivos internos,amenaza,
4248,tus sistemas de monitoreo fueron deshabilitados,amenaza,
4249,podemos alterar información sensible sin ser detectados,amenaza,
4250,si no respondes destruiremos la base de datos,amenaza,
4251,tu entorno productivo está completamente comprometido,amenaza,
4252,ya interceptamos tus conexiones seguras,amenaza,
4153,se llevaron varias computadoras de la oficina durante la noche,hecho_delictivo,
4254,rompieron la vitrina y sustrajeron relojes de lujo,hecho_delictivo,
4255,un hombre intento abrir autos estacionados en la avenida,hecho_delictivo,
4256,desaparecio dinero de la caja registradora del negocio,hecho_delictivo,
4257,dos personas ingresaron armadas al minimercado,hecho_delictivo,
4258,forzaron la puerta principal para entrar a la vivienda,hecho_delictivo,
4259,la motocicleta fue robada frente al edificio,hecho_delictivo,
4260,reportaron el hurto de telefonos celulares en el concierto,hecho_delictivo,
4261,el sospechoso escondio productos dentro de su chaqueta,hecho_delictivo,
4262,la tienda sufrio un robo durante el cierre nocturno,hecho_delictivo,
4263,un cliente uso una tarjeta clonada para pagar,hecho_delictivo,
4264,la empresa detecto facturas falsas en la contabilidad,hecho_delictivo,
4265,realizaron transferencias sin autorizacion desde la cuenta,hecho_delictivo,
4266,la victima recibio mensajes falsos del banco,hecho_delictivo,
4267,se hacian pasar por funcionarios para pedir dinero,hecho_delictivo,
4268,la plataforma vendia productos inexistentes,hecho_delictivo,
4269,ofrecieron inversiones falsas con ganancias irreales,hecho_delictivo,
4270,la persona uso documentos falsificados para obtener credito,hecho_delictivo,
4271,la cuenta bancaria fue vaciada mediante engaños,hecho_delictivo,
4272,detectaron compras sospechosas con tarjetas robadas,hecho_delictivo,
4273,le exigieron dinero a cambio de no divulgar informacion,hecho_delictivo,
4274,recibio amenazas para pagar una supuesta deuda,hecho_delictivo,
4275,los delincuentes pedian pagos semanales al comerciante,hecho_delictivo,
4276,enviaron mensajes intimidantes solicitando transferencias,hecho_delictivo,
4277,amenazaron al empresario para obligarlo a cerrar contratos,hecho_delictivo,
4278,los sujetos exigian dinero para brindar proteccion,hecho_delictivo,
4279,la victima recibio llamadas intimidatorias durante dias,hecho_delictivo,
4280,amenazaron con publicar fotos privadas si no pagaba,hecho_delictivo,
4281,exigieron criptomonedas para liberar archivos digitales,hecho_delictivo,
4282,la familia denuncio cobros ilegales bajo amenazas,hecho_delictivo,
4283,la pared del edificio aparecio llena de grafitis,hecho_delictivo,
4284,destruyeron las ventanas de una parada de autobus,hecho_delictivo,
4285,quemaron contenedores de basura en la madrugada,hecho_delictivo,
4286,rayaron varios autos estacionados en el barrio,hecho_delictivo,
4287,causaron daños a las camaras de seguridad,hecho_delictivo,
4288,rompieron mobiliario urbano en la plaza principal,hecho_delictivo,
4289,destruyeron luminarias del parque comunitario,hecho_delictivo,
4290,pintaron mensajes ofensivos en la escuela,hecho_delictivo,
4291,los sospechosos dañaron cajeros automaticos,hecho_delictivo,
4292,la fachada del comercio fue destruida con piedras,hecho_delictivo,
4293,enviaba mensajes ofensivos constantemente,hecho_delictivo,
4294,publicaron informacion privada sin consentimiento,hecho_delictivo,
4295,la victima recibio amenazas por redes sociales,hecho_delictivo,
4296,crearon perfiles falsos para humillar a una persona,hecho_delictivo,
4297,difundieron rumores falsos mediante grupos digitales,hecho_delictivo,
4298,compartieron imagenes manipuladas para intimidar,hecho_delictivo,
4299,la menor sufria hostigamiento constante en internet,hecho_delictivo,
4300,enviaron correos ofensivos desde cuentas anonimas,hecho_delictivo,
4301,el sospechoso acosaba a usuarios en foros digitales,hecho_delictivo,
4302,publicaban comentarios agresivos diariamente,hecho_delictivo,
4303,la policia decomiso sustancias ilegales en un vehiculo,hecho_delictivo,
4304,detectaron venta de drogas cerca de una escuela,hecho_delictivo,
4305,incautaron paquetes sospechosos en el puerto,hecho_delictivo,
4306,los agentes encontraron laboratorios clandestinos,hecho_delictivo,
4307,un grupo distribuia drogas en varios barrios,hecho_delictivo,
4308,la investigacion revelo rutas ilegales de distribucion,hecho_delictivo,
4309,hallaron sustancias prohibidas ocultas en cajas,hecho_delictivo,
4310,detuvieron a personas por trafico de estupefacientes,hecho_delictivo,
4311,las autoridades encontraron cultivos ilegales,hecho_delictivo,
4312,la banda operaba puntos clandestinos de venta,hecho_delictivo,
4313,la victima denuncio agresiones constantes en su hogar,hecho_delictivo,
4314,hubo reportes de maltrato fisico familiar,hecho_delictivo,
4315,la pareja sufria amenazas frecuentes dentro de la vivienda,hecho_delictivo,
4316,se registraron episodios de violencia verbal y fisica,hecho_delictivo,
4317,la policia intervino tras una fuerte discusion familiar,hecho_delictivo,
4318,la mujer presentaba lesiones visibles tras el incidente,hecho_delictivo,
4319,los vecinos escucharon gritos y pedidos de ayuda,hecho_delictivo,
4320,el agresor incumplio medidas de alejamiento,hecho_delictivo,
4321,el menor reporto maltrato dentro del hogar,hecho_delictivo,
4322,las autoridades activaron protocolos de proteccion,hecho_delictivo,
4323,el funcionario recibio sobornos para aprobar contratos,hecho_delictivo,
4324,detectaron irregularidades en licitaciones publicas,hecho_delictivo,
4325,investigan pagos ilegales dentro de la administracion,hecho_delictivo,
4326,el auditor encontro movimientos financieros sospechosos,hecho_delictivo,
4327,se desviaron recursos destinados a obras publicas,hecho_delictivo,
4328,la investigacion revelo contratos amañados,hecho_delictivo,
4329,varios empleados aceptaban beneficios indebidos,hecho_delictivo,
4330,hubo manipulacion de documentos oficiales,hecho_delictivo,
4331,los responsables alteraron reportes financieros,hecho_delictivo,
4332,el caso involucra enriquecimiento ilicito,hecho_delictivo,
4333,la organizacion movia dinero mediante empresas ficticias,hecho_delictivo,
4334,detectaron transferencias internacionales sospechosas,hecho_delictivo,
4335,las cuentas bancarias mostraban operaciones inusuales,hecho_delictivo,
4336,investigan movimientos financieros sin justificacion,hecho_delictivo,
4337,la empresa ocultaba origenes ilegales de capital,hecho_delictivo,
4338,se utilizaron negocios fachada para mover fondos,hecho_delictivo,
4339,las autoridades congelaron activos sospechosos,hecho_delictivo,
4340,la red financiera operaba con identidades falsas,hecho_delictivo,
4341,hubo triangulacion de fondos en distintos paises,hecho_delictivo,
4342,los investigadores rastrean operaciones ocultas,hecho_delictivo,
4343,retuvieron a una persona contra su voluntad,hecho_delictivo,
4344,la victima fue llevada a un lugar desconocido,hecho_delictivo,
4345,los familiares recibieron llamadas exigiendo rescate,hecho_delictivo,
4346,las autoridades activaron protocolos de busqueda,hecho_delictivo,
4347,el sospechoso mantuvo incomunicada a la victima,hecho_delictivo,
4348,la policia logro rescatar a la persona retenida,hecho_delictivo,
4349,el caso involucra privacion ilegal de libertad,hecho_delictivo,
4350,los captores exigian dinero para liberarla,hecho_delictivo,
4351,la investigacion apunta a una banda organizada,hecho_delictivo,
4352,la victima fue interceptada al salir del trabajo,hecho_delictivo,
4353,se detectaron transferencias bancarias no autorizadas,hecho_delictivo,
4354,la empresa reporto movimientos financieros sospechosos,hecho_delictivo,
4355,un cliente utilizo documentos falsos para abrir cuentas,hecho_delictivo,
4356,se realizaron compras con tarjetas clonadas,hecho_delictivo,
4357,la victima fue engañada mediante un falso asesor financiero,hecho_delictivo,
4358,detectaron operaciones irregulares en cuentas empresariales,hecho_delictivo,
4359,la organizacion ocultaba dinero mediante empresas fachada,hecho_delictivo,
4360,hubo falsificacion de cheques bancarios,hecho_delictivo,
4361,los sospechosos manipulaban balances contables,hecho_delictivo,
4362,se registraron retiros de efectivo sin autorizacion,hecho_delictivo,
4363,la cuenta bancaria fue utilizada para mover fondos ilegales,hecho_delictivo,
4364,el sistema detecto pagos duplicados fraudulentos,hecho_delictivo,
4365,la victima recibio correos falsos solicitando claves bancarias,hecho_delictivo,
4366,investigan una red de fraude tributario,hecho_delictivo,
4367,el sospechoso realizaba prestamos con identidades falsas,hecho_delictivo,
4368,se descubrieron facturas adulteradas en la auditoria,hecho_delictivo,
4369,la plataforma de inversiones resulto ser fraudulenta,hecho_delictivo,
4370,hubo triangulacion de dinero entre cuentas extranjeras,hecho_delictivo,
4371,detectaron lavado de activos mediante comercios ficticios,hecho_delictivo,
4372,los delincuentes vaciaron cuentas mediante ingenieria social,hecho_delictivo,
4373,una persona accedio ilegalmente al sistema bancario,hecho_delictivo,
4374,se utilizaron identidades robadas para solicitar creditos,hecho_delictivo,
4375,las autoridades encontraron contratos financieros falsificados,hecho_delictivo,
4376,hubo alteracion de registros contables oficiales,hecho_delictivo,
4377,la empresa desviaba fondos hacia cuentas personales,hecho_delictivo,
4378,detectaron pagos ilegales ocultos en la contabilidad,hecho_delictivo,
4379,el sospechoso ofrecia inversiones inexistentes por internet,hecho_delictivo,
4380,la organizacion simulaba operaciones comerciales falsas,hecho_delictivo,
4381,se encontraron movimientos sospechosos en criptomonedas,hecho_delictivo,
4382,los implicados emitian comprobantes financieros falsos,hecho_delictivo,
4383,la victima transfirio dinero a una cuenta fraudulenta,hecho_delictivo,
4384,el acusado manipulaba informacion tributaria para evadir impuestos,hecho_delictivo,
4385,se reportaron fraudes mediante aplicaciones de pago,hecho_delictivo,
4386,la entidad financiera detecto accesos no autorizados,hecho_delictivo,
4387,el sospechoso desviaba recursos de fondos publicos,hecho_delictivo,
4388,las autoridades investigan enriquecimiento ilicito,hecho_delictivo,
4389,la red criminal utilizaba bancos digitales para ocultar dinero,hecho_delictivo,
4390,se detectaron creditos aprobados con informacion falsa,hecho_delictivo,
4391,hubo manipulacion de estados financieros empresariales,hecho_delictivo,
4392,la auditoria revelo pagos inexistentes en la empresa,hecho_delictivo,
4393,el delincuente utilizo malware para robar datos bancarios,hecho_delictivo,
4394,detectaron una estructura de fraude piramidal,hecho_delictivo,
4395,los implicados transferian dinero usando cuentas de terceros,hecho_delictivo,
4396,se realizaban operaciones bancarias con documentos alterados,hecho_delictivo,
4397,la empresa simulaba gastos para ocultar ganancias,hecho_delictivo,
4398,hubo falsificacion de firmas en documentos financieros,hecho_delictivo,
4399,los sospechosos crearon empresas falsas para lavar dinero,hecho_delictivo,
4400,la victima fue engañada mediante llamadas bancarias falsas,hecho_delictivo,
4401,detectaron inconsistencias en declaraciones fiscales,hecho_delictivo,
4402,la organizacion escondia activos mediante transferencias internacionales,hecho_delictivo,
4403,se utilizaron tarjetas robadas para realizar compras en linea,hecho_delictivo,
4404,las cuentas presentaban ingresos injustificados,hecho_delictivo,
4405,el sospechoso obtuvo acceso ilegal a datos financieros,hecho_delictivo,
4406,la empresa altero informacion para obtener beneficios fiscales,hecho_delictivo,
4407,hubo desvio de dinero destinado a proyectos sociales,hecho_delictivo,
4408,las autoridades investigan cuentas vinculadas a fraude,hecho_delictivo,
4409,la banda realizaba estafas mediante falsas inversiones,hecho_delictivo,
4410,se detecto ocultamiento de patrimonio empresarial,hecho_delictivo,
4411,los implicados realizaban operaciones financieras ficticias,hecho_delictivo,
4412,la victima entrego claves bancarias a un sitio falso,hecho_delictivo,
4413,se registraron movimientos bancarios incompatibles con los ingresos,hecho_delictivo,
4414,la organizacion utilizaba testaferros para mover dinero,hecho_delictivo,
4415,el sistema bancario detecto patrones de fraude,hecho_delictivo,
4416,se aprobaron pagos mediante documentos adulterados,hecho_delictivo,
4417,la investigacion revelo uso indebido de fondos corporativos,hecho_delictivo,
4418,los sospechosos manipulaban plataformas de pago digital,hecho_delictivo,
4419,hubo uso fraudulento de informacion financiera privada,hecho_delictivo,
4420,detectaron una red de evasión fiscal internacional,hecho_delictivo,
4421,el acusado realizaba transferencias para ocultar capitales,hecho_delictivo,
4422,las autoridades encontraron registros contables falsificados,hecho_delictivo,
4423,la empresa reporto perdidas financieras manipuladas,hecho_delictivo,
4424,se utilizaron cuentas bancarias ajenas sin consentimiento,hecho_delictivo,
4425,el sospechoso cobraba comisiones ilegales en contratos,hecho_delictivo,
4426,hubo uso indebido de fondos de inversion,hecho_delictivo,
4427,la plataforma financiera retenia dinero de manera irregular,hecho_delictivo,
4428,detectaron compras internacionales con tarjetas comprometidas,hecho_delictivo,
4429,los delincuentes simulaban operaciones bursatiles falsas,hecho_delictivo,
4430,se encontraron pruebas de manipulacion financiera sistematica,hecho_delictivo,
4431,la organizacion ocultaba ingresos mediante sociedades ficticias,hecho_delictivo,
4432,hubo transferencias sospechosas hacia paraisos fiscales,hecho_delictivo,
4433,el sistema detecto accesos remotos a cuentas empresariales,hecho_delictivo,
4434,se realizaron retiros bancarios usando identidades robadas,hecho_delictivo,
4435,la empresa falsifico reportes de ingresos anuales,hecho_delictivo,
4436,detectaron operaciones financieras vinculadas a sobornos,hecho_delictivo,
4437,los sospechosos utilizaban criptomonedas para ocultar fondos,hecho_delictivo,
4438,hubo emision de comprobantes tributarios falsos,hecho_delictivo,
4439,la investigacion revelo fraude en licitaciones financieras,hecho_delictivo,
4440,las autoridades encontraron cuentas utilizadas para lavado de dinero,hecho_delictivo,
4441,se descubrieron transferencias repetitivas sin justificacion,hecho_delictivo,
4442,la red criminal utilizaba aplicaciones falsas de banca movil,hecho_delictivo,
4443,el sospechoso desvio fondos mediante accesos internos,hecho_delictivo,
4444,hubo manipulacion de informacion para obtener prestamos,hecho_delictivo,
4445,detectaron pagos hacia empresas inexistentes,hecho_delictivo,
4446,la organizacion escondia dinero mediante inversiones simuladas,hecho_delictivo,
4447,se encontraron contratos financieros alterados digitalmente,hecho_delictivo,
4448,la victima fue estafada mediante un falso fondo de inversion,hecho_delictivo,
4449,los implicados usaban cuentas offshore para mover dinero,hecho_delictivo,
4450,hubo acceso fraudulento a plataformas de pago en linea,hecho_delictivo,
4451,la empresa presento documentos tributarios falsificados,hecho_delictivo,
4452,detectaron un esquema financiero ilegal de captacion de dinero,hecho_delictivo,
4453,la victima denuncio agresiones constantes dentro del hogar,hecho_delictivo,
4454,los vecinos escucharon gritos y pedidos de ayuda durante la madrugada,hecho_delictivo,
4455,la mujer presentaba hematomas visibles en los brazos,hecho_delictivo,
4456,la policia intervino tras una fuerte discusion familiar,hecho_delictivo,
4457,el agresor amenazo a su pareja frente a los hijos,hecho_delictivo,
4458,se reportaron episodios frecuentes de violencia verbal en la vivienda,hecho_delictivo,
4459,la victima afirmo haber sido golpeada por su conviviente,hecho_delictivo,
4460,los agentes encontraron daños en el interior de la casa,hecho_delictivo,
4461,la mujer solicito medidas de proteccion contra su pareja,hecho_delictivo,
4462,el sospechoso rompio objetos durante una discusion domestica,hecho_delictivo,
4463,mi marido me pego anoche delante de mis hijos,hecho_delictivo,
4464,escuche muchos gritos en el apartamento de al lado,hecho_delictivo,
4465,la señora tenia moretones en la cara y brazos,hecho_delictivo,
4466,el hombre amenazaba constantemente a su esposa,hecho_delictivo,
4467,la victima dijo que tenia miedo de volver a casa,hecho_delictivo,
4468,el agresor golpeo las paredes durante la pelea,hecho_delictivo,
4469,la policia recibio varias denuncias del mismo domicilio,hecho_delictivo,
4470,la mujer fue empujada durante una discusion,hecho_delictivo,
4471,se escucharon insultos y golpes dentro de la vivienda,hecho_delictivo,
4472,el sujeto destruyo pertenencias personales de su pareja,hecho_delictivo,
4473,mi pareja me amenaso con hacerme daño,hecho_delictivo,
4474,los niños estaban llorando mientras discutian los padres,hecho_delictivo,
4475,la victima sufria control excesivo de sus movimientos,hecho_delictivo,
4476,la mujer denuncio violencia psicologica constante,hecho_delictivo,
4477,hubo forcejeos dentro del apartamento segun vecinos,hecho_delictivo,
4478,el agresor rompio el celular de la victima,hecho_delictivo,
4479,la policia encontro muebles dañados tras el conflicto,hecho_delictivo,
4480,la victima reporto amenazas de muerte frecuentes,hecho_delictivo,
4481,la pareja discutia violentamente casi todos los dias,hecho_delictivo,
4482,el sospechoso impedia que la mujer saliera sola,hecho_delictivo,
4483,mi esposo me grita y me empuja cuando se molesta,hecho_delictivo,
4484,el vecino le pego otra vez a su mujer,hecho_delictivo,
4485,ella tenia marcas en el cuello despues de la pelea,hecho_delictivo,
4486,hubieron gritos muy fuertes durante toda la noche,hecho_delictivo,
4487,la señora pedia ayuda desde el balcon,hecho_delictivo,
4488,el hombre rompio la puerta de una patada,hecho_delictivo,
4489,la victima dijo que no era la primera vez,hecho_delictivo,
4490,la policia encontro al agresor muy alterado,hecho_delictivo,
4491,la mujer lloraba mientras contaba lo sucedido,hecho_delictivo,
4492,los hijos intentaban separar la pelea,hecho_delictivo,
4493,mi novio me controla el telefono y me amenaza,hecho_delictivo,
4494,el tipo se puso agresibo y tiro todo al piso,hecho_delictivo,
4495,la muchacha llego golpeada al hospital,hecho_delictivo,
4496,la victima tenia rasguños en los brazos,hecho_delictivo,
4497,el agresor no dejaba salir a su pareja de la casa,hecho_delictivo,
4498,se escuchaban golpes secos y llantos de fondo,hecho_delictivo,
4499,la mujer afirmo sufrir maltrato desde hace años,hecho_delictivo,
4500,la policia activo protocolo de proteccion familiar,hecho_delictivo,
4501,el sospechoso amenazaba con quitarle los hijos,hecho_delictivo,
4502,la pareja tenia antecedentes de violencia domestica,hecho_delictivo,
4503,la victima denuncio insultos constantes y humillaciones,hecho_delictivo,
4504,el agresor golpeo una mesa durante la discusion,hecho_delictivo,
4505,mi marido llego borracho y me golpeo otra ves,hecho_delictivo,
4506,la vecina gritaba que la dejaran tranquila,hecho_delictivo,
4507,la mujer tenia el labio roto y estaba llorando,hecho_delictivo,
4508,el hombre amenasaba con romper toda la casa,hecho_delictivo,
4509,se escucharon golpes y cosas cayendose al piso,hecho_delictivo,
4510,la policia recibio llamadas por violencia familiar,hecho_delictivo,
4511,la victima dijo que vivia con miedo permanente,hecho_delictivo,
4512,el agresor revisaba el celular de su pareja constantemente,hecho_delictivo,
4513,la mujer afirmo haber sido encerrada en una habitacion,hecho_delictivo,
4514,los vecinos reportaron peleas frecuentes en el domicilio,hecho_delictivo,
4515,mi pareja me trato de ahorcar durante la discucion,hecho_delictivo,
4516,el sujeto estaba fuera de control y rompia todo,hecho_delictivo,
4517,la señora pidio ayuda porque su esposo la amenazaba,hecho_delictivo,
4518,la victima presentaba golpes visibles en el rostro,hecho_delictivo,
4519,la policia encontro señales de violencia reciente,hecho_delictivo,
4520,los menores estaban muy asustados por la situacion,hecho_delictivo,
4521,el agresor amenazaba a la familia constantemente,hecho_delictivo,
4522,la mujer denuncio control economico dentro del hogar,hecho_delictivo,
4523,hubo una pelea muy fuerte dentro de la vivienda,hecho_delictivo,
4524,la victima afirmo haber sido empujada varias veces,hecho_delictivo,
4525,mi ex no deja de acosarme y seguirme,hecho_delictivo,
4526,el hombre se puso violento despues de tomar alcohol,hecho_delictivo,
4527,la chica llego con moretones al trabajo,hecho_delictivo,
4528,la señora dijo que ya no soportaba mas amenazas,hecho_delictivo,
4529,los vecinos llamaron a la policia por los gritos,hecho_delictivo,
4530,el agresor rompio objetos personales de la victima,hecho_delictivo,
4531,la mujer estaba temblando cuando llego la patrulla,hecho_delictivo,
4532,el sospechoso lanzo cosas contra las paredes,hecho_delictivo,
4533,mi pareja me insulto y me avento contra la pared,hecho_delictivo,
4534,el vecino siempre le grita feisimo a la esposa,hecho_delictivo,
4535,la victima tenia señales de golpes en la espalda,hecho_delictivo,
4536,hubo amenazas delante de los niños pequeños,hecho_delictivo,
4537,la mujer denuncio acoso luego de separarse,hecho_delictivo,
4538,el agresor no respetaba la orden de alejamiento,hecho_delictivo,
4539,se escucharon llantos y muebles rompiendose,hecho_delictivo,
4540,la policia intervino rapidamente por riesgo familiar,hecho_delictivo,
4541,mi marido dise que me va a matar si lo denuncio,hecho_delictivo,
4542,el hombre le pego enfrente de los hijos,hecho_delictivo,
4543,la señora tenia un ojo morado y estaba nerviosa,hecho_delictivo,
4544,la victima afirmo que era maltratada constantemente,hecho_delictivo,
4545,el agresor destruyo el telefono para que no llamara,hecho_delictivo,
4546,la policia encontro a la mujer encerrada en el baño,hecho_delictivo,
4547,los vecinos reportaron violencia recurrente en la casa,hecho_delictivo,
4548,la mujer pidio ayuda porque tenia miedo de morir,hecho_delictivo,
4549,el sospechoso golpeaba puertas y ventanas durante las peleas,hecho_delictivo,
4550,la familia recibio asistencia especializada tras el incidente,hecho_delictivo,
4551,un grupo de jóvenes le quitó la mochila a un estudiante al salir de la escuela,hecho_delictivo,
4552,los de la pandilla del barrio están cobrando cuota a los comerciantes,hecho_delictivo,
4553,un chamaco de quince años le robó el celular a una señora en la parada,hecho_delictivo,
4554,la ganga esa anda rompiendo las paradas de guagua por la noche,hecho_delictivo,
4555,un pelotero de la esquina apuñaló a un socio de la banda contraria,hecho_delictivo,
4556,los jovencitos esos están pintando las paredes de la escuela con rayas de la pandilla,hecho_delictivo,
4557,un grupo de menores le quitó las zapatillas a un niño en el parque,hecho_delictivo,
4558,la pandilla de la otra cuadra vino a tirar piedras a las casas,hecho_delictivo,
4559,un adolescente fue detenido con un puñal después de amenazar a otro en la escuela,hecho_delictivo,
4560,los muchachos esos están vendiendo droga en la esquina del colmado,hecho_delictivo,
4561,un jovencito le robó la cartera a una turista en la playa,hecho_delictivo,
4562,la ganga de atrás le rompió los vidrios al carro del vecino por un lío de pandillas,hecho_delictivo,
4563,un grupo de menores le quitó la bicicleta a un repartidor,hecho_delictivo,
4564,los de la banda esa están escondiendo armas en el solar abandonado,hecho_delictivo,
4565,un adolescente golpeó a un profesor porque le puso mala nota,hecho_delictivo,
4566,los chamacos esos robaron la caja del chino de la esquina,hecho_delictivo,
4567,la pandilla rival vino a disparar al aire frente a la casa de uno de ellos,hecho_delictivo,
4568,un grupo de jóvenes saltó la reja de la escuela y rompió las computadoras,hecho_delictivo,
4569,un menor le metió un botellazo a otro en la discusión de la cancha,hecho_delictivo,
4570,los muchachos esos están organizando peleas a puñal en el descampado,hecho_delictivo,
4571,un adolescente robó la moto de un estudiante estacionada frente a la escuela,hecho_delictivo,
4572,la ganga esa le prendió fuego a un carro abandonado para marcar territorio,hecho_delictivo,
4573,un grupo de menores le quitó la gorra y las cadenas a un socio en el parque,hecho_delictivo,
4574,los jovencitos esos amenazan con navaja a los que pasan por la calle oscura,hecho_delictivo,
4575,un adolescente fue acusado de robar el teléfono de una compañera de clase,hecho_delictivo,
4576,la pandilla del barrio está cobrando peaje a los repartidores,hecho_delictivo,
4577,un grupo de jóvenes rompió los focos del parque para joder la tranquilidad,hecho_delictivo,
4578,los muchachos esos le volaron la chapa a una bodega y robaron ron y comida,hecho_delictivo,
4579,un menor le quebró la mano a otro con un tubo en la pelea de pandillas,hecho_delictivo,
4580,la ganga esa está vendiendo dólares falsos en el barrio,hecho_delictivo,
4581,un adolescente le robó la cartera a su abuela para comprar droga,hecho_delictivo,
4582,los chamacos esos pintaron amenazas de muerte en la pared de la iglesia,hecho_delictivo,
4583,un grupo de menores le quitó el móvil a un profesor en la calle,hecho_delictivo,
4584,la pandilla rival emboscó a varios del barrio y los golpearon con palos,hecho_delictivo,
4585,un jovencito fue detenido por robar un espejo de un auto estacionado,hecho_delictivo,
4586,los muchachos esos están organizando escampados para pelear a machete,hecho_delictivo,
4587,un adolescente le metió un piedrazo en la cabeza a un vigilante,hecho_delictivo,
4588,la ganga esa le robó la batería al carro del profesor,hecho_delictivo,
4589,un grupo de jóvenes le prendió candela a una parada de guagua,hecho_delictivo,
4590,los de la pandilla esa están extorsionando a los estudiantes de la secundaria,hecho_delictivo,
4591,un menor le robó el almuerzo a un niño más pequeño en la escuela,hecho_delictivo,
4592,los chamacos esos le rompieron las macetas y los adornos al vecino de al lado,hecho_delictivo,
4593,un adolescente fue sorprendido con un revólver en la mochila cuando salía de clase,hecho_delictivo,
4594,la pandilla rival le tiró la puerta abajo a un socio y le vació la casa,hecho_delictivo,
4595,un grupo de menores le robó los audífonos a un estudiante en la biblioteca,hecho_delictivo,
4596,los muchachos esos están amenazando al bodeguero para que no llame a la policía,hecho_delictivo,
4597,un adolescente le partió la cara a otro por una deuda de pandillas,hecho_delictivo,
4598,la ganga esa le robó la rueda de auxilio a una guagua estacionada,hecho_delictivo,
4599,un grupo de jóvenes le pidió el celular a un socio a punta de pistola,hecho_delictivo,
4600,los chamacos esos están rayando los bancos del parque con siglas de la pandilla,hecho_delictivo,
4601,un menor le robó la linterna del carro a un vecino,hecho_delictivo,
4602,la pandilla del barrio le tiró un chorro de pintura a la fachada de la comandancia,hecho_delictivo,
4603,un adolescente fue detenido por robar un teléfono dentro de la escuela,hecho_delictivo,
4604,los muchachos esos le rompieron la quijada a un socio de la pandilla contraria,hecho_delictivo,
4605,un grupo de menores le sacó el dinero del bolsillo a una señora en la guagua,hecho_delictivo,
4606,la ganga esa está organizando carrera de motos robadas por la avenida,hecho_delictivo,
4607,un jovencito le robó la cartera a una muchacha en la fiesta de quince,hecho_delictivo,
4608,los chamacos esos le pegaron candela a un colchón y lo tiraron en la calle,hecho_delictivo,
4609,un adolescente le metió dos puñaladas a otro por una hembra,hecho_delictivo,
4610,la pandilla rival está pintando cruces en las casas de los que deben plata,hecho_delictivo,
4611,un grupo de jóvenes le quitó la cadena de oro a un señor en la farmacia,hecho_delictivo,
4612,los muchachos esos le robaron el parlante a un vecino mientras hacía una fiesta,hecho_delictivo,
4613,un menor le rompió la botella en la cabeza a otro en la disco,hecho_delictivo,
4614,la ganga esa está vendiendo piezas robadas de autos en el mercado negro,hecho_delictivo,
4615,un adolescente fue detenido por robar un juego de llaves de un carro estacionado,hecho_delictivo,
4616,los chamacos esos le pintaron una peste en la puerta de la casa a una familia,hecho_delictivo,
4617,un grupo de menores le robó la sombrilla a una vendedora ambulante,hecho_delictivo,
4618,la pandilla del barrio le metió un susto a un socio para que pague la cuota,hecho_delictivo,
4619,un jovencito le robó la bicicleta a un repartidor de pizzas,hecho_delictivo,
4620,los muchachos esos están compitiendo a ver quién roba más celulares en la guagua,hecho_delictivo,
4621,un adolescente le pegó un tiro en la pierna al miembro de la banda rival,hecho_delictivo,
4622,la ganga esa está vaciando las casas de los que se fueron pa fuera,hecho_delictivo,
4623,un grupo de jóvenes le quitó la gorra y los tenis a un niño en el parque,hecho_delictivo,
4624,los chamacos esos le rompieron las matas y la cerca a una señora,hecho_delictivo,
4625,un menor fue detenido con una cadena y un puño americano en la mochila,hecho_delictivo,
4626,la pandilla rival le tiró una bomba de humo a la entrada de la escuela,hecho_delictivo,
4627,un adolescente le robó el celular a un profesor mientras explicaba la clase,hecho_delictivo,
4628,los muchachos esos están amenazando a los estudiantes pa que les den la merienda,hecho_delictivo,
4629,un grupo de menores le robó la cartera con los cupones del mercado a una señora,hecho_delictivo,
4630,la ganga esa le prendió fuego a un colchón y lo dejó en medio de la calle,hecho_delictivo,
4631,un jovencito le metió un palazo en el estómago a otro por un lío de pandillas,hecho_delictivo,
4632,los chamacos esos están robando las tapas de las alcantarillas pa vender el hierro,hecho_delictivo,
4633,un adolescente fue sorprendido robando la colecta de la iglesia,hecho_delictivo,
4634,la pandilla del barrio está cobrando derecho de piso a los cuentapropistas,hecho_delictivo,
4635,un grupo de jóvenes le quitó la mochila a un estudiante dentro de la guagua,hecho_delictivo,
4636,los muchachos esos le rompieron los vidrios a la casa del vecino que los denunció,hecho_delictivo,
4637,un menor le robó el cargador del celular a una muchacha en la biblioteca,hecho_delictivo,
4638,la ganga esa está vendiendo gasolina robada de los camiones repartidores,hecho_delictivo,
4639,un adolescente le metió una galleta en la cara a otro delante de la escuela,hecho_delictivo,
4640,los chamacos esos están organizando rifas ilegales pa lavar dinero de la droga,hecho_delictivo,
4641,un grupo de menores le robó la canaleta de aluminio a una casa en construcción,hecho_delictivo,
4642,la pandilla rival le pintó una rata muerta en la puerta a un socio traidor,hecho_delictivo,
4643,un jovencito le robó el reloj a un anciano en la parada del médico,hecho_delictivo,
4644,los muchachos esos le volaron la tapa al contenedor de agua del barrio,hecho_delictivo,
4645,un adolescente fue detenido por robar un equipo de sonido de una guagua estacionada,hecho_delictivo,
4646,la ganga esa está amenazando a los estudiantes pa que les den la tarea hecha,hecho_delictivo,
4647,un grupo de jóvenes le robó la cartera con la pensión a una viejita,hecho_delictivo,
4648,los chamacos esos le pegaron fuego a un árbol del parque esta madrugada,hecho_delictivo,
4649,un menor le rompió los dientes a otro de una patada en la cancha de basket,hecho_delictivo,
4650,la pandilla del barrio está usando a los niños pa vigilar quién entra al reparto,hecho_delictivo,
4651,me robaron el cel en la guagua y ni cuenta me di,hecho_delictivo,
4652,un tipo me pidio el bulto pa ayudarme y salio coriendo con el,hecho_delictivo,
4653,en la cola del pan le tiraron la cartera a una viejita,hecho_delictivo,
4654,se metieron en mi casa por la ventana y se llevaron la tele,hecho_delictivo,
4655,un socio me hizo una transfe y resulto ser falsa perdí la mercancia,hecho_delictivo,
4656,me hackearon el fb y estan pidiendo plata a mis contactos,hecho_delictivo,
4657,en el hospital se roban las medicinas de la farmacia,hecho_delictivo,
4658,me clonaron la tarjeta y hicieron compras en una tienda de ropa,hecho_delictivo,
4659,un vecino me robo la manguera del jardin,hecho_delictivo,
4660,le rompieron el vidrio al carro de mi apa y le robaron el estéreo,hecho_delictivo,
4661,un tipo se hizo pasar por electricista y se robo el medidor,hecho_delictivo,
4662,me estafaron con una venta de una lavadora q nunca llego,hecho_delictivo,
4663,en la escuela estan robando los lapices y los cuadernos de los niños,hecho_delictivo,
4664,me sacaron la cartera del bolsillo en el mercado sin q sintiera,hecho_delictivo,
4665,se llevaron mi bici q tenia amarrada con candado,hecho_delictivo,
4666,un chamaquito me quito el cell corriendo en la bicicleta,hecho_delictivo,
4667,en el trabajo se pierde dinero de la caja chica to los dias,hecho_delictivo,
4668,me hicieron una estafa con el alquiler de una casa q no existia,hecho_delictivo,
4669,se metieron en la bodega y robaron sacos de arroz y frijoles,hecho_delictivo,
4670,un tipo me amenazo con un cuchiyo pa q le diera el cell,hecho_delictivo,
4671,me robaron la cuenta del ig y cambiaron la contraseña,hecho_delictivo,
4672,en la farmacia me dieron un medicamento vencido y me cobraron caro,hecho_delictivo,
4673,le robaron la cadena de oro a una señora en la parada del 70,hecho_delictivo,
4674,un pelotero me robo la cartera cuando iba entrando al banco,hecho_delictivo,
4675,se llevaron las gallinas del patio de mi vecino,hecho_delictivo,
4676,me hicieron una transferencia falsa por la venta de mi nevera,hecho_delictivo,
4677,un tipo vendiendo gasoil robado en la calle barato,hecho_delictivo,
4678,me robaron la mochila con los libros en la biblioteca,hecho_delictivo,
4679,en la carniceria le meten menos peso y cobran completo,hecho_delictivo,
4680,se metieron al almacen del estado y vaciaron un camion de comida,hecho_delictivo,
4681,me hackearon el whatsapp y mandaron mensajes pidiendo plata,hecho_delictivo,
4682,un chofer de la ruta me dio un billete falso de vuelto,hecho_delictivo,
4683,le robaron la rueda de la bicicleta a un niño en la escuela,hecho_delictivo,
4684,en el medico se roban las gasas y las jeringuillas,hecho_delictivo,
4685,me robaron la parrilla del carro estacionada en la calle,hecho_delictivo,
4686,un tipo se hizo pasar por familiar y le saco dinero a mi abuela,hecho_delictivo,
4687,se llevaron el ventilador de la sala de espera del consultorio,hecho_delictivo,
4688,me estafaron con una compra de un cel por internet y me mandaron un ladrillo,hecho_delictivo,
4689,un vecino me robo la luz con un empalme desde su casa,hecho_delictivo,
4690,le robaron la cartera a una turista en la playa y no se dio cuenta,hecho_delictivo,
4691,en la escuela los alumnos grandes le quitan la comida a los chiquitos,hecho_delictivo,
4692,me robaron el cargador del cell en el trabajo,hecho_delictivo,
4693,un tipo me vendio un telefono robado y despues vino la policia,hecho_delictivo,
4694,se llevaron las tuberias de cobre de una casa abandonada,hecho_delictivo,
4695,me hicieron una estafa con un curso online nunca me dieron el material,hecho_delictivo,
4696,un chofer me cobro el pasaje doble porque era turista,hecho_delictivo,
4697,le robaron la maleta a un pasajero en la terminal de omnibus,hecho_delictivo,
4698,en la tienda me dieron un cambio falso y no me di cuenta,hecho_delictivo,
4699,se metieron en una iglesia y robaron las limosnas del altar,hecho_delictivo,
4700,me robaron la bicicleta electrica del garage,hecho_delictivo,
4701,un tipo me quizo asaltar con un cuchiyo pero sali coriendo,hecho_delictivo,
4702,en el parque unos chamaquitos me quitaron la gorra y salieron volando,hecho_delictivo,
4703,me robaron la mochila con la compu en la cafeteria de la u,hecho_delictivo,
4704,un inspector me pidio plata pa no ponerme una multa,hecho_delictivo,
4705,se llevaron la bateria del carro de mi hermano estacionado,hecho_delictivo,
4706,me hicieron una estafa con la renta de una casa en la playa,hecho_delictivo,
4707,en el mercado me dieron frutas podridas disimuladas abajo,hecho_delictivo,
4708,un repartidor de gas me robo medio tanque y me cobro completo,hecho_delictivo,
4709,me robaron la cartera con los documentos del carro,hecho_delictivo,
4710,un tipo se hizo pasar por funcionario y me estafo con un tramite,hecho_delictivo,
4711,en el cementerio se roban las flores de bronce de las tumbas,hecho_delictivo,
4712,me vaciaron la cuenta del banco despues de un link falso q me mandaron,hecho_delictivo,
4713,le robaron la silla de ruedas a un enfermo en la puerta del hospital,hecho_delictivo,
4714,en la escuela se roban los libros de la biblioteca,hecho_delictivo,
4715,me robaron la antena de la tele de la azotea,hecho_delictivo,
4716,un tipo vendiendo carne robada de la vaqueria en el barrio,hecho_delictivo,
4717,se metieron en una funeraria y robaron los ornamentos,hecho_delictivo,
4718,me robaron el casco de la moto en la universidad,hecho_delictivo,
4719,un vecino me robo la bascula pa pesar la comida,hecho_delictivo,
4720,en la ferreteria me vendieron pintura rebajada con agua,hecho_delictivo,
4721,me robaron la mochila con el uniforme del trabajo en el vestuario,hecho_delictivo,
4722,un tipo me pago con un billete falso en mi negocio,hecho_delictivo,
4723,se llevaron el foco de la entrada de mi casa,hecho_delictivo,
4724,me hackearon el correo y mandaron spam a todos mis contactos,hecho_delictivo,
4725,en la papeleria me vendieron hojas usadas como nuevas,hecho_delictivo,
4726,le robaron el espejo al carro del profesor estacionado,hecho_delictivo,
4727,un joven me quito el cell de la mano y salio coriendo,hecho_delictivo,
4728,en el taller me pusieron piezas usadas y cobraron como nuevas,hecho_delictivo,
4729,me robaron la cartera con los cupones de la libreta,hecho_delictivo,
4730,un cartero abrio mi sobre y se robo el dinero q me mandaron,hecho_delictivo,
4731,se metieron en una guarderia y robaron los juguetes de los niños,hecho_delictivo,
4732,me robaron la maquina de escribir de la oficina,hecho_delictivo,
4733,un tipo me hizo una transferencia falsa por la venta de mi moto,hecho_delictivo,
4734,en la pescaderia me vendieron pescado congelado como fresco,hecho_delictivo,
4735,le robaron la rueda delantera a la bicicleta de un niño,hecho_delictivo,
4736,me robaron el cargador portatil en la biblioteca,hecho_delictivo,
4737,un policia me pidio plata pa devolverme la licencia,hecho_delictivo,
4738,se llevaron el toldo de la tienda de la esquina,hecho_delictivo,
4739,me robaron la calculadora dentro del salon de clases,hecho_delictivo,
4740,un medico me cobro por una consulta q era gratis,hecho_delictivo,
4741,en el cine me robaron la mochila mientras veia la pelicula,hecho_delictivo,
4742,me robaron la radio del carro en el estacionamiento del hospital,hecho_delictivo,
4743,un tipo me vendio un telefono bloqueado q no servia,hecho_delictivo,
4744,se llevaron las bancas del parque de la comunidad,hecho_delictivo,
4745,me robaron la cartera con los boletos de la rifa,hecho_delictivo,
4746,un tecnico me cobro por arreglar la lavadora y nunca volvio,hecho_delictivo,
4747,en la tienda me dieron un cambio con monedas falsas,hecho_delictivo,
4748,me robaron la memoria usb con mi tesis en la universidad,hecho_delictivo,
4749,un vecino me robo la manguera de la limpieza,hecho_delictivo,
4750,se metieron en un deposito de ropa y robaron fardos enteros,hecho_delictivo,
4651,me robaron el cel en la guagua y ni cuenta me di,hecho_delictivo,
4652,un tipo me pidio el bulto pa ayudarme y salio coriendo con el,hecho_delictivo,
4653,en la cola del pan le tiraron la cartera a una viejita,hecho_delictivo,
4654,se metieron en mi casa por la ventana y se llevaron la tele,hecho_delictivo,
4655,un socio me hizo una transfe y resulto ser falsa perdí la mercancia,hecho_delictivo,
4656,me hackearon el fb y estan pidiendo plata a mis contactos,hecho_delictivo,
4657,en el hospital se roban las medicinas de la farmacia,hecho_delictivo,
4658,me clonaron la tarjeta y hicieron compras en una tienda de ropa,hecho_delictivo,
4659,un vecino me robo la manguera del jardin,hecho_delictivo,
4660,le rompieron el vidrio al carro de mi apa y le robaron el estéreo,hecho_delictivo,
4661,un tipo se hizo pasar por electricista y se robo el medidor,hecho_delictivo,
4662,me estafaron con una venta de una lavadora q nunca llego,hecho_delictivo,
4663,en la escuela estan robando los lapices y los cuadernos de los niños,hecho_delictivo,
4664,me sacaron la cartera del bolsillo en el mercado sin q sintiera,hecho_delictivo,
4665,se llevaron mi bici q tenia amarrada con candado,hecho_delictivo,
4666,un chamaquito me quito el cell corriendo en la bicicleta,hecho_delictivo,
4667,en el trabajo se pierde dinero de la caja chica to los dias,hecho_delictivo,
4668,me hicieron una estafa con el alquiler de una casa q no existia,hecho_delictivo,
4669,se metieron en la bodega y robaron sacos de arroz y frijoles,hecho_delictivo,
4670,un tipo me amenazo con un cuchiyo pa q le diera el cell,hecho_delictivo,
4671,me robaron la cuenta del ig y cambiaron la contraseña,hecho_delictivo,
4672,en la farmacia me dieron un medicamento vencido y me cobraron caro,hecho_delictivo,
4673,le robaron la cadena de oro a una señora en la parada del 70,hecho_delictivo,
4674,un pelotero me robo la cartera cuando iba entrando al banco,hecho_delictivo,
4675,se llevaron las gallinas del patio de mi vecino,hecho_delictivo,
4676,me hicieron una transferencia falsa por la venta de mi nevera,hecho_delictivo,
4677,un tipo vendiendo gasoil robado en la calle barato,hecho_delictivo,
4678,me robaron la mochila con los libros en la biblioteca,hecho_delictivo,
4679,en la carniceria le meten menos peso y cobran completo,hecho_delictivo,
4680,se metieron al almacen del estado y vaciaron un camion de comida,hecho_delictivo,
4681,me hackearon el whatsapp y mandaron mensajes pidiendo plata,hecho_delictivo,
4682,un chofer de la ruta me dio un billete falso de vuelto,hecho_delictivo,
4683,le robaron la rueda de la bicicleta a un niño en la escuela,hecho_delictivo,
4684,en el medico se roban las gasas y las jeringuillas,hecho_delictivo,
4685,me robaron la parrilla del carro estacionada en la calle,hecho_delictivo,
4686,un tipo se hizo pasar por familiar y le saco dinero a mi abuela,hecho_delictivo,
4687,se llevaron el ventilador de la sala de espera del consultorio,hecho_delictivo,
4688,me estafaron con una compra de un cel por internet y me mandaron un ladrillo,hecho_delictivo,
4689,un vecino me robo la luz con un empalme desde su casa,hecho_delictivo,
4690,le robaron la cartera a una turista en la playa y no se dio cuenta,hecho_delictivo,
4691,en la escuela los alumnos grandes le quitan la comida a los chiquitos,hecho_delictivo,
4692,me robaron el cargador del cell en el trabajo,hecho_delictivo,
4693,un tipo me vendio un telefono robado y despues vino la policia,hecho_delictivo,
4694,se llevaron las tuberias de cobre de una casa abandonada,hecho_delictivo,
4695,me hicieron una estafa con un curso online nunca me dieron el material,hecho_delictivo,
4696,un chofer me cobro el pasaje doble porque era turista,hecho_delictivo,
4697,le robaron la maleta a un pasajero en la terminal de omnibus,hecho_delictivo,
4698,en la tienda me dieron un cambio falso y no me di cuenta,hecho_delictivo,
4699,se metieron en una iglesia y robaron las limosnas del altar,hecho_delictivo,
4700,me robaron la bicicleta electrica del garage,hecho_delictivo,
4701,un tipo me quizo asaltar con un cuchiyo pero sali coriendo,hecho_delictivo,
4702,en el parque unos chamaquitos me quitaron la gorra y salieron volando,hecho_delictivo,
4703,me robaron la mochila con la compu en la cafeteria de la u,hecho_delictivo,
4704,un inspector me pidio plata pa no ponerme una multa,hecho_delictivo,
4705,se llevaron la bateria del carro de mi hermano estacionado,hecho_delictivo,
4706,me hicieron una estafa con la renta de una casa en la playa,hecho_delictivo,
4707,en el mercado me dieron frutas podridas disimuladas abajo,hecho_delictivo,
4708,un repartidor de gas me robo medio tanque y me cobro completo,hecho_delictivo,
4709,me robaron la cartera con los documentos del carro,hecho_delictivo,
4710,un tipo se hizo pasar por funcionario y me estafo con un tramite,hecho_delictivo,
4711,en el cementerio se roban las flores de bronce de las tumbas,hecho_delictivo,
4712,me vaciaron la cuenta del banco despues de un link falso q me mandaron,hecho_delictivo,
4713,le robaron la silla de ruedas a un enfermo en la puerta del hospital,hecho_delictivo,
4714,en la escuela se roban los libros de la biblioteca,hecho_delictivo,
4715,me robaron la antena de la tele de la azotea,hecho_delictivo,
4716,un tipo vendiendo carne robada de la vaqueria en el barrio,hecho_delictivo,
4717,se metieron en una funeraria y robaron los ornamentos,hecho_delictivo,
4718,me robaron el casco de la moto en la universidad,hecho_delictivo,
4719,un vecino me robo la bascula pa pesar la comida,hecho_delictivo,
4720,en la ferreteria me vendieron pintura rebajada con agua,hecho_delictivo,
4721,me robaron la mochila con el uniforme del trabajo en el vestuario,hecho_delictivo,
4722,un tipo me pago con un billete falso en mi negocio,hecho_delictivo,
4723,se llevaron el foco de la entrada de mi casa,hecho_delictivo,
4724,me hackearon el correo y mandaron spam a todos mis contactos,hecho_delictivo,
4725,en la papeleria me vendieron hojas usadas como nuevas,hecho_delictivo,
4726,le robaron el espejo al carro del profesor estacionado,hecho_delictivo,
4727,un joven me quito el cell de la mano y salio coriendo,hecho_delictivo,
4728,en el taller me pusieron piezas usadas y cobraron como nuevas,hecho_delictivo,
4729,me robaron la cartera con los cupones de la libreta,hecho_delictivo,
4730,un cartero abrio mi sobre y se robo el dinero q me mandaron,hecho_delictivo,
4731,se metieron en una guarderia y robaron los juguetes de los niños,hecho_delictivo,
4732,me robaron la maquina de escribir de la oficina,hecho_delictivo,
4733,un tipo me hizo una transferencia falsa por la venta de mi moto,hecho_delictivo,
4734,en la pescaderia me vendieron pescado congelado como fresco,hecho_delictivo,
4735,le robaron la rueda delantera a la bicicleta de un niño,hecho_delictivo,
4736,me robaron el cargador portatil en la biblioteca,hecho_delictivo,
4737,un policia me pidio plata pa devolverme la licencia,hecho_delictivo,
4738,se llevaron el toldo de la tienda de la esquina,hecho_delictivo,
4739,me robaron la calculadora dentro del salon de clases,hecho_delictivo,
4740,un medico me cobro por una consulta q era gratis,hecho_delictivo,
4741,en el cine me robaron la mochila mientras veia la pelicula,hecho_delictivo,
4742,me robaron la radio del carro en el estacionamiento del hospital,hecho_delictivo,
4743,un tipo me vendio un telefono bloqueado q no servia,hecho_delictivo,
4744,se llevaron las bancas del parque de la comunidad,hecho_delictivo,
4745,me robaron la cartera con los boletos de la rifa,hecho_delictivo,
4746,un tecnico me cobro por arreglar la lavadora y nunca volvio,hecho_delictivo,
4747,en la tienda me dieron un cambio con monedas falsas,hecho_delictivo,
4748,me robaron la memoria usb con mi tesis en la universidad,hecho_delictivo,
4749,un vecino me robo la manguera de la limpieza,hecho_delictivo,
4750,se metieron en un deposito de ropa y robaron fardos enteros,hecho_delictivo,
